up_index	up_residue	ss_pred	ss_conf	msa_index	msa_cons%	msa_cons	in_const	pdb_atom	pdb_chain	pdb_index	pdb_residue	pdb_x_pos	pdb_y_pos	pdb_z_pos
1	M	C	9	1	3	~	*	2	A	1	M	-5.921	32.127	-6.684
2	T	C	6	2	7	~	*	10	A	2	T	-4.661	29.030	-4.859
3	E	C	1	3	11	~	*	17	A	3	E	-4.504	29.730	-1.135
4	Y	E	7	4	13	~	*	26	A	4	Y	-2.425	27.654	1.358
5	K	E	8	5	44	~	*	38	A	5	K	-3.554	27.569	4.970
6	L	E	9	6	31	*	*	47	A	6	L	-0.418	27.011	7.064
7	V	E	9	7	28	*	*	55	A	7	V	-0.333	26.787	10.852
8	V	E	9	8	28	*	*	62	A	8	V	2.878	27.262	12.944
9	V	E	8	9	25	*	*	69	A	9	V	2.779	25.234	16.245
10	G	C	2	10	84	*	*	76	A	10	G	5.231	24.336	19.009
11	A	C	8	11	26	*	*	80	A	11	A	6.121	25.135	22.597
12	G	C	9	12	16	*	*	85	A	12	G	6.406	28.632	24.054
13	G	C	7	13	25	*	*	89	A	13	G	9.511	30.602	23.139
14	V	C	5	14	46	*	*	93	A	14	V	10.848	28.327	20.317
15	G	C	0	15	94	*	*	100	A	15	G	10.666	31.160	17.706
16	K	H	7	16	94	*	*	104	A	16	K	7.331	30.521	15.913
17	S	H	8	17	48	*	*	113	A	17	S	6.661	34.295	15.649
18	A	H	9	18	35	*	*	119	A	18	A	10.253	35.199	14.769
19	L	H	9	19	67	*	*	124	A	19	L	10.225	32.667	11.837
20	T	H	9	20	45	*	*	132	A	20	T	6.888	34.015	10.529
21	I	H	9	21	20	*	*	139	A	21	I	7.945	37.704	10.795
22	Q	H	9	22	38	*	*	147	A	22	Q	11.330	36.983	9.179
23	L	H	8	23	31	*	*	156	A	23	L	9.381	35.475	6.194
24	I	H	7	24	15	*	*	164	A	24	I	6.682	38.198	5.953
25	Q	H	4	25	13	*	*	172	A	25	Q	8.520	41.380	7.066
26	N	C	4	26	16	*	*	181	A	26	N	12.198	40.642	6.628
27	H	C	2	27	17	*	*	189	A	27	H	13.593	41.266	10.057
28	F	C	3	28	38	*	*	199	A	28	F	14.528	39.413	13.223
29	V	C	4	29	19	*	*	210	A	29	V	12.467	40.313	16.294
30	D	C	5	30	14	*	*	217	A	30	D	14.229	40.019	19.518
31	E	C	4	31	19	*	*	225	A	31	E	11.922	40.804	22.318
32	Y	C	5	32	26	*	*	234	A	32	Y	9.597	39.196	24.685
33	D	C	7	33	18	*	*	246	A	33	D	6.128	39.200	23.141
34	P	C	8	34	32	*	*	254	A	34	P	3.949	36.070	23.788
35	T	C	5	35	71	*	*	261	A	35	T	1.421	35.320	21.033
36	I	C	3	36	40	*	*	268	A	36	I	-2.308	34.792	21.567
37	E	C	3	37	44	*	*	276	A	37	E	-3.059	34.221	17.889
38	D	C	2	38	21	*	*	285	A	38	D	-1.899	36.178	14.839
39	S	C	3	39	17	*	*	293	A	39	S	-2.691	35.658	11.133
40	Y	C	5	40	26	*	*	299	A	40	Y	-0.607	36.889	8.196
41	R	C	5	41	15	*	*	311	A	41	R	-1.660	36.918	4.558
42	K	E	1	42	22	*	*	322	A	42	K	0.835	37.405	1.758
43	Q	E	7	43	16	*	*	331	A	43	Q	0.579	36.950	-2.047
44	V	E	9	44	31	*	*	340	A	44	V	3.771	35.242	-3.311
45	V	E	9	45	14	*	*	347	A	45	V	4.938	33.277	-6.419
46	I	E	8	46	31	*	*	354	A	46	I	6.274	29.795	-5.491
47	D	C	6	47	36	*	*	362	A	47	D	7.767	27.650	-8.426
48	G	C	9	48	46	*	*	370	A	48	G	5.930	29.961	-10.785
49	E	E	3	49	24	*	*	374	A	49	E	2.520	29.457	-9.143
50	T	E	8	50	12	*	*	383	A	50	T	0.901	32.697	-7.927
51	C	E	9	51	26	*	*	390	A	51	C	-0.566	31.959	-4.508
52	L	E	9	52	23	*	*	396	A	52	L	-1.573	33.397	-1.199
53	L	E	7	53	47	*	*	404	A	53	L	0.019	32.232	2.048
54	D	E	8	54	21	*	*	412	A	54	D	-2.476	32.445	4.884
55	I	E	8	55	31	*	*	420	A	55	I	-0.346	31.769	7.935
56	L	E	7	56	42	*	*	428	A	56	L	-1.642	31.341	11.490
57	D	E	3	57	96	*	*	436	A	57	D	0.815	32.014	14.219
58	T	C	5	58	73	*	*	444	A	58	T	-0.324	30.325	17.416
59	A	C	8	59	44	*	*	451	A	59	A	0.230	30.510	21.194
60	G	C	8	60	93	*	*	456	A	60	G	2.807	28.208	22.814
61	Q	H	4	61	49	*	*	460	A	61	Q	0.671	28.099	25.994
62	E	H	7	62	49	*	*	469	A	62	E	-2.008	25.527	26.927
63	E	H	7	63	26	*	*	478	A	63	E	-4.496	28.139	28.254
64	Y	H	8	64	47	*	*	487	A	64	Y	-5.420	27.092	24.743
65	S	H	9	65	30	*	*	499	A	65	S	-5.617	23.230	25.127
66	A	H	9	66	19	*	*	505	A	66	A	-8.766	21.824	23.335
67	M	H	9	67	25	*	*	510	A	67	M	-8.984	25.465	21.967
68	R	H	9	68	26	*	*	518	A	68	R	-6.322	24.217	19.467
69	D	H	8	69	19	*	*	529	A	69	D	-8.880	21.905	17.822
70	Q	H	6	70	22	*	*	537	A	70	Q	-10.451	24.609	15.759
71	Y	H	3	71	37	*	*	546	A	71	Y	-7.329	25.873	14.030
72	M	H	3	72	33	*	*	558	A	72	M	-5.958	22.393	13.563
73	R	H	5	73	31	*	*	566	A	73	R	-9.120	21.350	11.701
74	T	C	3	74	22	*	*	577	A	74	T	-8.813	24.240	9.219
75	G	C	8	75	37	*	*	584	A	75	G	-5.013	24.114	8.730
76	E	C	9	76	41	*	*	588	A	76	E	-3.914	22.363	5.546
77	G	C	1	77	37	*	*	597	A	77	G	-0.216	22.018	6.570
78	F	E	7	78	24	*	*	601	A	78	F	1.754	22.468	9.773
79	L	E	9	79	35	*	*	612	A	79	L	5.230	23.626	10.699
80	C	E	9	80	47	*	*	620	A	80	C	6.074	21.821	13.981
81	V	E	9	81	65	*	*	626	A	81	V	8.730	23.956	15.604
82	F	E	9	82	35	*	*	633	A	82	F	11.195	23.202	18.442
83	A	E	8	83	66	*	*	644	A	83	A	14.407	24.963	19.569
84	I	E	1	84	26	*	*	649	A	84	I	17.714	23.070	19.299
85	N	C	6	85	35	*	*	657	A	85	N	18.794	24.394	22.720
86	N	C	9	86	31	*	*	665	A	86	N	15.553	23.303	24.483
87	T	C	0	87	22	*	*	673	A	87	T	15.095	19.553	25.026
88	K	C	1	88	16	*	*	680	A	88	K	11.552	19.842	26.535
89	S	C	0	89	38	*	*	689	A	89	S	10.325	21.666	23.309
90	F	H	8	90	36	*	*	695	A	90	F	11.680	18.751	21.262
91	E	H	9	91	23	*	*	706	A	91	E	9.863	16.146	23.407
92	D	H	9	92	18	*	*	715	A	92	D	6.650	18.216	23.265
93	I	H	9	93	21	*	*	723	A	93	I	6.559	17.749	19.452
94	H	H	9	94	17	*	*	731	A	94	H	4.940	14.302	19.956
95	Q	H	9	95	15	*	*	741	A	95	Q	1.916	15.878	21.673
96	Y	H	9	96	37	*	*	750	A	96	Y	1.276	18.417	18.826
97	R	H	9	97	29	*	*	762	A	97	R	1.699	15.650	16.247
98	E	H	9	98	21	*	*	773	A	98	E	-0.807	13.361	17.941
99	Q	H	9	99	27	*	*	782	A	99	Q	-3.343	16.104	18.468
100	I	H	9	100	36	*	*	791	A	100	I	-3.197	17.121	14.743
101	K	H	8	101	18	*	*	799	A	101	K	-3.613	13.487	13.637
102	R	H	7	102	14	*	*	808	A	102	R	-6.586	13.098	15.962
103	V	H	3	103	14	*	*	819	A	103	V	-8.452	16.326	14.881
104	K	C	2	104	14	~	*	826	A	104	K	-7.804	15.755	11.140
105	D	C	8	105	6	~	*	835	A	105	D	-8.666	11.988	11.359
106	S	C	8	106	12	*	*	843	A	106	S	-5.470	11.174	9.442
107	D	C	9	107	14	*	*	849	A	107	D	-2.109	9.557	9.868
108	D	C	9	108	19	*	*	857	A	108	D	-0.430	11.664	7.216
109	V	C	8	109	30	*	*	865	A	109	V	-1.009	15.354	7.400
110	P	C	6	110	49	*	*	872	A	110	P	1.297	17.783	5.384
111	M	E	8	111	36	*	*	879	A	111	M	3.878	18.724	8.050
112	V	E	9	112	31	*	*	887	A	112	V	7.545	19.763	8.348
113	L	E	9	113	46	*	*	894	A	113	L	9.632	19.332	11.535
114	V	E	8	114	48	*	*	902	A	114	V	11.673	22.541	12.109
115	G	E	2	115	44	*	*	909	A	115	G	14.603	22.742	14.476
116	N	C	2	116	84	*	*	913	A	116	N	15.007	26.475	15.111
117	K	C	4	117	94	*	*	921	A	117	K	17.735	28.715	16.674
118	C	C	5	118	26	*	*	930	A	118	C	20.449	26.806	14.844
119	D	C	6	119	97	*	*	936	A	119	D	22.722	29.904	15.083
120	L	C	6	120	57	*	*	944	A	120	L	23.230	29.099	18.845
121	A	C	4	121	22	*	*	952	A	121	A	26.303	27.143	19.887
122	A	C	6	122	19	*	*	957	A	122	A	24.683	25.797	23.094
123	R	C	4	123	35	*	*	962	A	123	R	22.890	22.905	21.311
124	T	C	1	124	20	*	*	973	A	124	T	21.118	20.200	23.415
125	V	C	4	125	47	*	*	980	A	125	V	19.133	18.324	20.647
126	E	C	9	126	18	*	*	987	A	126	E	21.487	16.568	18.124
127	S	H	7	127	12	*	*	996	A	127	S	20.426	16.938	14.493
128	R	H	8	128	34	*	*	1002	A	128	R	20.667	13.154	14.145
129	Q	H	8	129	32	*	*	1013	A	129	Q	18.032	12.519	16.787
130	A	H	9	130	25	*	*	1022	A	130	A	15.611	15.044	15.210
131	Q	H	9	131	24	*	*	1027	A	131	Q	16.267	13.529	11.739
132	D	H	9	132	15	*	*	1036	A	132	D	15.467	10.038	13.173
133	L	H	9	133	27	*	*	1044	A	133	L	12.213	11.390	14.624
134	A	H	9	134	39	*	*	1052	A	134	A	11.241	13.016	11.331
135	R	H	9	135	19	*	*	1057	A	135	R	12.088	9.828	9.438
136	S	H	8	136	22	*	*	1068	A	136	S	9.757	7.841	11.770
137	Y	C	0	137	13	*	*	1074	A	137	Y	6.950	10.375	11.078
138	G	C	9	138	36	*	*	1086	A	138	G	7.520	10.265	7.294
139	I	C	9	139	12	*	*	1090	A	139	I	8.117	14.065	7.145
140	P	C	7	140	14	*	*	1098	A	140	P	10.984	16.448	6.205
141	Y	E	5	141	27	*	*	1105	A	141	Y	13.336	17.791	8.890
142	I	E	7	142	20	*	*	1117	A	142	I	14.636	21.355	8.376
143	E	E	5	143	45	*	*	1125	A	143	E	16.979	23.404	10.611
144	T	C	2	144	31	*	*	1134	A	144	T	16.422	27.169	10.754
145	S	C	4	145	86	*	*	1141	A	145	S	17.558	30.377	12.290
146	A	C	6	146	79	*	*	1147	A	146	A	15.131	33.268	12.413
147	K	C	6	147	47	*	*	1152	A	147	K	18.150	35.351	13.486
148	T	C	7	148	33	*	*	1161	A	148	T	20.248	34.735	10.300
149	R	C	7	149	43	*	*	1168	A	149	R	17.268	33.815	7.994
150	Q	C	9	150	17	*	*	1179	A	150	Q	18.926	30.402	7.273
151	G	C	9	151	42	*	*	1188	A	151	G	16.357	27.835	6.296
152	V	H	5	152	45	*	*	1192	A	152	V	13.339	30.183	6.715
153	E	H	7	153	22	*	*	1199	A	153	E	12.001	30.213	3.086
154	D	H	8	154	33	*	*	1208	A	154	D	13.023	26.593	2.747
155	A	H	9	155	30	*	*	1216	A	155	A	10.841	25.450	5.716
156	F	H	9	156	46	*	*	1221	A	156	F	7.712	27.345	4.475
157	Y	H	9	157	26	*	*	1232	A	157	Y	8.148	26.463	0.798
158	T	H	9	158	17	*	*	1244	A	158	T	8.836	22.727	1.522
159	L	H	9	159	29	*	*	1251	A	159	L	5.533	22.754	3.506
160	V	H	9	160	19	*	*	1259	A	160	V	3.662	24.284	0.439
161	R	H	9	161	16	*	*	1266	A	161	R	5.206	21.554	-1.767
162	E	H	9	162	9	~	*	1277	A	162	E	4.054	18.877	0.722
163	I	H	8	163	25	~	*	1286	A	163	I	0.426	20.175	0.542
164	R	H	6	164	6	~	*	1294	A	164	R	0.770	20.163	-3.283
165	Q	H	0	165	6	~	*	1305	A	165	Q	1.673	16.435	-3.337
166	H	C	9	166	0	~	*	1314	A	166	H	-0.982	15.296	-0.820
