gene_index	gene_name
35	1100001G20Rik
54	1110017D15Rik
64	1110028F11Rik
93	1190002H23Rik
95	1190003J15Rik
119	1500004A13Rik
130	1500015O10Rik
135	1520402A15Rik
139	1600010M07Rik
151	1600029D21Rik
152	1600029I14Rik
154	1700001C02Rik
164	1700001L19Rik
165	1700001O22Rik
180	1700007G11Rik
184	1700007K13Rik
195	1700009P17Rik
228	1700016K19Rik
273	1700024G13Rik
281	1700025N23Rik
282	1700026D08Rik
285	1700026L06Rik
286	1700027A23Rik
297	1700028P14Rik
342	1700047M11Rik
358	1700057K13Rik
391	1700086L19Rik
393	1700088E04Rik
399	1700094D03Rik
408	1700105P06Rik
414	1700109F18Rik
454	1810011H11Rik
455	1810011O10Rik
478	1810033B17Rik
483	1810041L15Rik
503	2010001M09Rik
515	2010016I18Rik
524	2010109I03Rik
537	2200002D01Rik
541	2210010C04Rik
557	2210407C18Rik
572	2310001H17Rik
598	2310014F07Rik
626	2310043J07Rik
632	2310046A06Rik
638	2310057J18Rik
662	2410004A20Rik
666	2410004P03Rik
681	2410076I21Rik
703	2610002D18Rik
711	2610017I09Rik
714	2610019F03Rik
720	2610028H24Rik
724	2610034M16Rik
734	2610204G22Rik
738	2610305D13Rik
757	2700054A10Rik
782	2810021J22Rik
783	2810025M15Rik
785	2810030E01Rik
801	2810417H13Rik
815	2810474O19Rik
817	2900005J15Rik
823	2900026A02Rik
830	2900060B14Rik
862	3110057O12Rik
865	3110079O15Rik
904	4833412C05Rik
913	4833427G06Rik
972	4930415O20Rik
1001	4930444M15Rik
1021	4930455F23Rik
1052	4930487H11Rik
1061	4930503L19Rik
1085	4930523C07Rik
1104	4930538K18Rik
1152	4930578C19Rik
1164	4930583H14Rik
1216	4932438H23Rik
1218	4932443I19Rik
1235	4933404M02Rik
1340	5430402O13Rik
1351	5430421N21Rik
1357	5430435G22Rik
1387	5730590G19Rik
1390	5830411N06Rik
1392	5830416I19Rik
1393	5830416P10Rik
1430	6330415B21Rik
1444	6430548M08Rik
1457	6720401G13Rik
1464	6820408C15Rik
1476	8430408G22Rik
1495	9030624G23Rik
1502	9130015A21Rik
1508	9130024F11Rik
1527	9230116N13Rik
1567	9530053A07Rik
1568	9530059O14Rik
1583	9930005F22Rik
1585	9930013L23Rik
1596	A130040M12Rik
1597	A130049A11Rik
1602	A230020J21Rik
1610	A230065H16Rik
1620	A330021E22Rik
1624	A330040F15Rik
1627	A330049M08Rik
1630	A330069E16Rik
1640	A430084P05Rik
1645	A430105I19Rik
1659	A530064D06Rik
1682	A630095N17Rik
1701	A830007P12Rik
1720	A930006I01Rik
1737	AA467197
1748	AF251705
1767	AI450353
1769	AI463170
1771	AI467606
1780	AI607873
1784	AI662270
1785	AI836003
1790	AI848285
1804	AU021092
1811	AU040972
1817	AW112010
1819	AW146154
1827	AY074887
1848	Aatk
1860	Abca6
1862	Abca8a
1867	Abcb1a
1883	Abcc9
1892	Abcg1
1893	Abcg2
1917	Abi3
1922	Ablim2
1923	Ablim3
1925	Abp1
1928	Abpe
1949	Acan
1960	Acbd7
1963	Accn3
1969	Ace
2003	Acp5
2010	Acsbg1
2027	Acta1
2028	Acta2
2029	Actb
2031	Actg1
2032	Actg2
2039	Actn2
2056	Acvrl1
2061	Ada
2076	Adam23
2086	Adam8
2089	Adamts1
2100	Adamts20
2102	Adamts4
2103	Adamts5
2131	Adcy4
2147	Adh7
2151	Adipoq
2171	Adra2a
2173	Adra2c
2174	Adrb1
2175	Adrb2
2176	Adrb3
2183	Aebp1
2188	Afap1l1
2209	Ager
2214	Agl
2226	Agr2
2227	Agr3
2230	Agt
2247	Ahr
2254	Aif1
2262	Aim2
2275	Ak7
2280	Akap12
2282	Akap14
2284	Akap2
2304	Akr1c18
2320	Alas2
2325	Aldh1a1
2327	Aldh1a3
2333	Aldh3a1
2375	Alox15
2376	Alox5
2377	Alox5ap
2383	Alpl
2406	Amica1
2414	Amot
2442	Angpt2
2444	Angptl1
2447	Angptl4
2449	Angptl7
2450	Ank
2453	Ank3
2486	Ankrd33b
2508	Ankrd7
2534	Anxa1
2539	Anxa3
2587	Apc2
2600	Apln
2601	Aplnr
2604	Apoa1
2615	Apoc1
2616	Apoc2
2619	Apod
2620	Apoe
2624	Apol10b
2635	Apol9b
2636	Apold1
2638	Apon
2647	Aqp1
2650	Aqp2
2651	Aqp3
2653	Aqp5
2655	Aqp7
2657	Aqp9
2663	Arap3
2664	Arc
2666	Areg
2681	Arg1
2682	Arg2
2691	Arhgap19
2702	Arhgap30
2703	Arhgap31
2717	Arhgdib
2724	Arhgef15
2756	Arl11
2765	Arl4c
2766	Arl4d
2769	Arl5c
2795	Arnt2
2824	Art3
2831	Arxes1
2848	Asb2
2850	Asb4
2851	Asb5
2861	Ascl3
2865	Asgr1
2874	Aspa
2879	Asphd2
2881	Aspn
2882	Asprv1
2892	Asxl3
2904	Atf3
2906	Atf5
2941	Atp10b
2953	Atp1a2
2956	Atp1b1
2993	Atp6v0a4
3000	Atp6v0e2
3016	Atp8a1
3056	Avpi1
3078	B230206H07Rik
3079	B230208H11Rik
3090	B2m
3095	B3galt2
3165	BC017612
3169	BC018473
3172	BC020535
3190	BC028528
3193	BC030307
3206	BC037032
3209	BC039771
3217	BC048546
3228	BC051019
3286	Baiap3
3288	Bambi
3289	Bambi-ps1
3300	Basp1
3321	Bcam
3327	Bcas1
3340	Bcl11b
3342	Bcl2a1a
3343	Bcl2a1b
3345	Bcl2a1d
3348	Bcl2l11
3352	Bcl2l15
3356	Bcl6b
3367	Bcr
3373	Bdnf
3382	Bend7
3389	Beta-s
3392	Bex4
3397	Bglap
3398	Bglap-rs1
3399	Bglap2
3400	Bgn
3404	Bhlhe22
3405	Bhlhe40
3418	Birc5
3423	Blk
3437	Bmp15
3438	Bmp2
3452	Bmx
3464	Bok
3470	Bpgm
3473	Bpifa1
3474	Bpifa2
3477	Bpifb1
3481	Bpifb5
3525	Bst1
3526	Bst2
3540	Btc
3544	Btg1
3545	Btg2
3556	Btnl9
3573	C030030A07Rik
3589	C130050O18Rik
3592	C130074G19Rik
3599	C1qa
3600	C1qb
3602	C1qc
3607	C1qtnf2
3608	C1qtnf3
3612	C1qtnf7
3613	C1qtnf9
3617	C1s
3618	C2
3631	C2cd4b
3633	C2cd4d
3634	C3
3642	C330018D20Rik
3650	C3ar1
3655	C4b
3659	C530008M17Rik
3662	C5ar1
3709	Cacna1s
3725	Cadm1
3726	Cadm2
3727	Cadm3
3728	Cadm4
3733	Calca
3734	Calcb
3738	Calcrl
3739	Cald1
3741	Calm1
3746	Calml3
3794	Capns2
3798	Capsl
3809	Car2
3810	Car3
3811	Car4
3816	Car8
3851	Casq2
3863	Cav1
3867	Cbfa2t3
3877	Cbr2
3906	Ccdc108
3909	Ccdc11
3913	Ccdc113
3927	Ccdc129
3928	Ccdc13
3940	Ccdc146
3948	Ccdc153
3957	Ccdc164
3958	Ccdc17
3972	Ccdc33
3975	Ccdc37
3977	Ccdc39
3978	Ccdc40
4003	Ccdc65
4005	Ccdc67
4019	Ccdc80
4024	Ccdc85a
4025	Ccdc85b
4031	Ccdc88c
4045	Cck
4048	Ccl1
4049	Ccl11
4050	Ccl12
4051	Ccl17
4052	Ccl19
4053	Ccl2
4054	Ccl20
4055	Ccl22
4056	Ccl24
4060	Ccl3
4061	Ccl4
4062	Ccl5
4063	Ccl6
4064	Ccl7
4065	Ccl8
4066	Ccl9
4072	Ccnb2
4075	Ccnd1
4091	Ccno
4097	Ccr1
4099	Ccr2
4102	Ccr5
4104	Ccr7
4106	Ccr9
4107	Ccrl1
4108	Ccrl2
4121	Cd101
4123	Cd14
4125	Cd160
4126	Cd163
4127	Cd163l1
4130	Cd177
4135	Cd2
4136	Cd200
4140	Cd200r4
4141	Cd207
4142	Cd209a
4145	Cd209d
4147	Cd209f
4148	Cd209g
4152	Cd247
4153	Cd248
4154	Cd24a
4155	Cd27
4156	Cd274
4158	Cd28
4161	Cd300a
4163	Cd300e
4165	Cd300ld
4166	Cd300lf
4167	Cd300lg
4171	Cd33
4172	Cd34
4173	Cd36
4174	Cd37
4175	Cd38
4176	Cd3d
4177	Cd3e
4179	Cd3g
4183	Cd44
4184	Cd46
4186	Cd48
4187	Cd5
4188	Cd52
4189	Cd53
4191	Cd59a
4194	Cd6
4196	Cd68
4197	Cd69
4198	Cd7
4200	Cd72
4201	Cd74
4202	Cd79a
4205	Cd81
4207	Cd83
4208	Cd84
4209	Cd86
4211	Cd8b1
4212	Cd9
4213	Cd93
4240	Cdc42ep2
4241	Cdc42ep3
4257	Cdca8
4259	Cdh1
4261	Cdh11
4265	Cdh16
4268	Cdh19
4274	Cdh26
4277	Cdh5
4300	Cdk2ap2
4314	Cdkl1
4319	Cdkn1a
4321	Cdkn1c
4322	Cdkn2a
4329	Cdnf
4345	Ceacam10
4355	Cebpb
4356	Cebpd
4357	Cebpe
4364	Cela1
4366	Cela3b
4377	Cenpa
4381	Cenpf
4387	Cenpm
4423	Ces1d
4425	Ces1f
4431	Ces2e
4441	Cfb
4443	Cfd
4445	Cfh
4452	Cfp
4456	Cgn
4460	Ch25h
4463	Chad
4469	Chchd10
4492	Chga
4494	Chi3l1
4495	Chi3l3
4504	Chl1
4519	Chodl
4529	Chrm2
4531	Chrm4
4545	Chrne
4546	Chst1
4552	Chst15
4554	Chst3
4577	Cilp
4578	Cilp2
4587	Cit
4588	Cited1
4589	Cited2
4590	Cited4
4596	Ckb
4602	Cks2
4606	Clca1
4623	Cldn1
4625	Cldn11
4629	Cldn15
4633	Cldn19
4636	Cldn22
4641	Cldn3
4642	Cldn4
4643	Cldn5
4645	Cldn7
4649	Clec10a
4651	Clec12a
4652	Clec12b
4653	Clec14a
4656	Clec1a
4658	Clec2d
4664	Clec3a
4665	Clec3b
4666	Clec4a1
4667	Clec4a2
4670	Clec4b1
4672	Clec4d
4673	Clec4e
4676	Clec4n
4677	Clec5a
4678	Clec7a
4682	Clic3
4684	Clic5
4700	Clnk
4706	Clps
4719	Clu
4724	Cma1
4726	Cmah
4736	Cmpk2
4745	Cmtm8
4762	Cnksr2
4764	Cnn1
4781	Cnp
4810	Coch
4820	Col10a1
4821	Col11a1
4822	Col11a2
4823	Col12a1
4824	Col13a1
4825	Col14a1
4826	Col15a1
4829	Col18a1
4830	Col19a1
4831	Col1a1
4832	Col1a2
4835	Col23a1
4837	Col25a1
4838	Col27a1
4840	Col2a1
4841	Col3a1
4842	Col4a1
4843	Col4a2
4850	Col5a2
4852	Col6a1
4853	Col6a2
4854	Col6a3
4859	Col8a1
4860	Col8a2
4861	Col9a1
4862	Col9a2
4863	Col9a3
4865	Colec11
4878	Comp
4907	Coro1a
4915	Cotl1
4924	Cox4i2
4929	Cox6a2
4942	Cp
4943	Cpa1
4944	Cpa2
4945	Cpa3
4952	Cpe
4970	Cpne7
4989	Cpxm1
4990	Cpxm2
4994	Crabp1
5018	Crem
5022	Crim1
5023	Crip1
5024	Crip2
5030	Crispld1
5031	Crispld2
5055	Cryab
5058	Cryba4
5079	Csf1
5080	Csf1r
5081	Csf2
5083	Csf2rb
5084	Csf2rb2
5085	Csf3
5086	Csf3r
5091	Csmd1
5114	Csrp1
5121	Cst3
5122	Cst6
5123	Cst7
5128	Cstb
5148	Ctgf
5150	Cthrc1
5152	Ctla2a
5153	Ctla2b
5154	Ctla4
5168	Ctrb1
5172	Ctsb
5173	Ctsc
5178	Ctsh
5179	Ctsk
5180	Ctsl
5184	Ctss
5185	Ctsw
5188	Cttnbp2
5217	Cwh43
5219	Cx3cr1
5221	Cxcl1
5222	Cxcl10
5223	Cxcl11
5224	Cxcl12
5225	Cxcl13
5226	Cxcl14
5227	Cxcl15
5228	Cxcl16
5229	Cxcl17
5230	Cxcl2
5231	Cxcl3
5232	Cxcl5
5233	Cxcl9
5235	Cxcr2
5236	Cxcr3
5237	Cxcr4
5239	Cxcr6
5240	Cxcr7
5259	Cyba
5261	Cybb
5268	Cygb
5272	Cyp11a1
5275	Cyp1a1
5277	Cyp1b1
5281	Cyp26a1
5282	Cyp26b1
5289	Cyp2a5
5321	Cyp2e1
5322	Cyp2f2
5330	Cyp2j9
5352	Cyp4b1
5355	Cyp4f15
5358	Cyp4f18
5369	Cyr61
5377	Cytip
5378	Cytl1
5379	Cyyr1
5404	D16Ertd472e
5438	D430036J16Rik
5458	D630042P16Rik
5463	D6Mm5e
5467	D730005E14Rik
5500	Dach2
5516	Dapk2
5518	Dapl1
5520	Darc
5530	Dbi
5536	Dbp
5556	Dcbld1
5566	Dclk3
5570	Dcn
5574	Dcpp1
5575	Dcpp2
5576	Dcpp3
5579	Dcstamp
5595	Dcxr
5606	Ddit3
5607	Ddit4
5608	Ddit4l
5653	Ddx60
5666	Defb1
5719	Derl3
5720	Des
5727	Dgat1
5739	Dgkh
5750	Dhh
5756	Dhrs2
5762	Dhrs9
5789	Dio1
5790	Dio2
5791	Dio3
5808	Dkk2
5809	Dkk3
5813	Dlc1
5817	Dleu7
5828	Dlk1
5832	Dll4
5844	Dmbt1
5849	Dmkn
5865	Dnahc10
5868	Dnahc2
5869	Dnahc5
5881	Dnajb1
5901	Dnajc16
5924	Dnali1
5928	Dnase1l3
5965	Dok3
5981	Dpep1
5986	Dpf3
6003	Dppa3
6006	Dpt
6028	Drp2
6034	Dscc1
6056	Dtx1
6071	Dusp1
6076	Dusp14
6081	Dusp2
6084	Dusp26
6087	Dusp3
6090	Dusp6
6112	Dynlrb2
6113	Dynlt1a
6122	Dysf
6129	E030010A14Rik
6149	E130215H24Rik
6180	E330013P04Rik
6197	Eaf2
6202	Ear2
6216	Ece1
6227	Ecm1
6229	Ecscr
6245	Edn1
6246	Edn2
6247	Edn3
6249	Ednrb
6263	Efcab10
6268	Efcab5
6273	Efemp1
6280	Efhd1
6281	Efhd2
6288	Efnb2
6298	Egfl7
6299	Egfl8
6305	Egr1
6307	Egr3
6314	Ehd4
6390	Elf3
6392	Elf5
6394	Elfn2
6407	Eln
6419	Eltd1
6420	Emb
6421	Emcn
6426	Emid1
6437	Emp1
6439	Emp3
6440	Emr1
6453	Eng
6460	Eno4
6467	Enpp2
6471	Enpp6
6474	Entpd1
6475	Entpd2
6476	Entpd3
6486	Epas1
6498	Epcam
6505	Epha4
6506	Epha5
6510	Ephb1
6517	Ephx3
6533	Epsti1
6535	Epyc
6541	Erbb3
6554	Ereg
6578	Errfi1
6580	Esam
6585	Esm1
6606	Etl4
6615	Etv3
6621	Evi2a
6626	Evpl
6645	Exosc2
6654	Expi
6666	Ezr
6667	F10
6669	F11r
6671	F13a1
6674	F2r
6678	F3
6681	F630028O10Rik
6685	F7
6690	F830016B08Rik
6694	Fa2h
6695	Faah
6696	Fabp1
6700	Fabp4
6701	Fabp5
6703	Fabp7
6717	Faim3
6721	Fam101b
6727	Fam107a
6728	Fam107b
6736	Fam110c
6770	Fam132b
6784	Fam150b
6786	Fam151b
6810	Fam167b
6830	Fam178b
6833	Fam180a
6836	Fam183b
6862	Fam19a1
6872	Fam25c
6887	Fam43a
6890	Fam46a
6908	Fam57a
6909	Fam57b
6920	Fam65b
6926	Fam70b
6951	Fam83f
6960	Fam92b
6987	Fasl
7004	Fbln1
7005	Fbln2
7006	Fbln5
7008	Fbn1
7009	Fbn2
7025	Fbxl22
7043	Fbxo27
7084	Fcer1a
7085	Fcer1g
7086	Fcer2a
7088	Fcgbp
7089	Fcgr1
7090	Fcgr2b
7091	Fcgr3
7092	Fcgr4
7098	Fcna
7105	Fcrls
7125	Fev
7131	Ffar2
7142	Fgf10
7150	Fgf18
7157	Fgf5
7162	Fgfbp1
7168	Fgfr3
7174	Fgl2
7175	Fgr
7180	Fhl1
7185	Fhod1
7188	Fibin
7192	Figf
7198	Filip1l
7206	Fkbp11
7227	Flna
7234	Flrt3
7235	Flt1
7238	Flt4
7242	Fmn2
7248	Fmo3
7253	Fmod
7256	Fn1
7276	Folr1
7277	Folr2
7278	Folr4
7279	Fos
7280	Fosb
7284	Foxa2
7290	Foxd2
7291	Foxd3
7301	Foxj1
7320	Foxp3
7322	Foxq1
7329	Fpr1
7330	Fpr2
7333	Frat2
7339	Frmd3
7354	Frzb
7356	Fscn1
7364	Fst
7365	Fstl1
7369	Fth1
7370	Ftl1
7384	Furin
7401	Fxyd1
7402	Fxyd2
7403	Fxyd3
7404	Fxyd4
7405	Fxyd5
7406	Fxyd6
7408	Fyb
7412	Fzd1
7421	Fzd9
7423	G0s2
7427	G530011O06Rik
7473	Gadd45a
7474	Gadd45b
7475	Gadd45g
7479	Gal
7517	Gap43
7526	Gas1
7532	Gas6
7533	Gas7
7537	Gata2
7538	Gata3
7546	Gatm
7558	Gbp2
7559	Gbp3
7560	Gbp4
7561	Gbp5
7562	Gbp6
7563	Gbp7
7582	Gckr
7583	Gclc
7589	Gcnt2
7601	Gdf10
7603	Gdf15
7605	Gdf3
7606	Gdf5
7607	Gdf6
7618	Gem
7626	Gfap
7638	Gfra3
7651	Ggt1
7667	Gimap1
7668	Gimap3
7669	Gimap4
7670	Gimap5
7671	Gimap6
7673	Gimap8
7674	Gimap9
7687	Gja1
7689	Gja4
7690	Gja5
7692	Gjb1
7693	Gjb2
7699	Gjc2
7700	Gjc3
7708	Gkn3
7717	Gldn
7723	Glipr1
7738	Glrx
7756	Glul
7778	Gm10345
7789	Gm10432
7812	Gm106
7826	Gm10731
7841	Gm10825
7846	Gm10872
7864	Gm11428
7903	Gm12216
7905	Gm12250
7948	Gm13293
7966	Gm136
7969	Gm13718
7974	Gm13889
7999	Gm14379
8016	Gm14872
8035	Gm15441
8047	Gm1574
8083	Gm166
8101	Gm16907
8113	Gm17495
8142	Gm19705
8146	Gm1987
8168	Gm20571
8170	Gm20594
8177	Gm2115
8194	Gm2a
8232	Gm4759
8252	Gm4951
8254	Gm4956
8277	Gm5113
8279	Gm5124
8293	Gm525
8306	Gm5464
8308	Gm5468
8311	Gm5480
8312	Gm5483
8315	Gm5523
8318	Gm5544
8321	Gm5577
8336	Gm5771
8379	Gm6320
8426	Gm694
8455	Gm8221
8481	Gm889
8483	Gm8979
8532	Gmfg
8553	Gnat1
8555	Gnat3
8561	Gnb3
8566	Gng11
8568	Gng13
8569	Gng2
8576	Gngt2
8617	Gp2
8618	Gp49a
8635	Gpc1
8636	Gpc2
8637	Gpc3
8645	Gpha2
8649	Gpihbp1
8652	Gpm6a
8653	Gpm6b
8657	Gpnmb
8667	Gpr116
8674	Gpr132
8684	Gpr146
8699	Gpr171
8706	Gpr182
8707	Gpr183
8716	Gpr30
8719	Gpr34
8722	Gpr37l1
8724	Gpr4
8734	Gpr65
8737	Gpr77
8741	Gpr84
8746	Gpr97
8761	Gpsm3
8764	Gpx1
8765	Gpx2
8766	Gpx2-ps1
8767	Gpx3
8792	Grhl2
8800	Grid2
8815	Grina
8833	Grp
8837	Grrp1
8843	Gsdma
8856	Gsn
8859	Gsr
8863	Gsta3
8864	Gsta4
8867	Gstm1
8868	Gstm2
8874	Gsto1
8925	Gucy1a3
8942	Gyk
8945	Gypa
8950	Gzma
8951	Gzmb
8960	H19
8961	H1f0
8964	H2-Aa
8965	H2-Ab1
8967	H2-D1
8968	H2-DMa
8969	H2-DMb1
8972	H2-Eb1
8974	H2-K1
8980	H2-M2
8983	H2-M9
8984	H2-Oa
8987	H2-Q10
8989	H2-Q4
8993	H2-T10
8995	H2-T23
9001	H2afj
9007	H2afz
9032	Hapln1
9039	Has1
9055	Hba-a1
9056	Hba-a2
9058	Hbb-b1
9059	Hbb-b2
9063	Hbegf
9076	Hcn1
9083	Hcst
9095	Hdc
9114	Hebp1
9121	Hecw2
9131	Hepacam
9142	Hes1
9150	Hexb
9154	Hey1
9166	Hhatl
9167	Hhex
9168	Hhip
9181	Higd1b
9183	Hilpda
9198	Hist1h1b
9199	Hist1h1c
9200	Hist1h1d
9201	Hist1h1e
9205	Hist1h2ac
9211	Hist1h2ak
9213	Hist1h2ao
9215	Hist1h2bc
9230	Hist1h3e
9231	Hist1h3f
9237	Hist1h4c
9238	Hist1h4d
9240	Hist1h4h
9243	Hist1h4k
9249	Hist2h2bb
9256	Hist3h2ba
9258	Hist4h4
9264	Hk2
9270	Hlx
9281	Hmgb2
9287	Hmgcs2
9294	Hmha1
9296	Hmox1
9333	Hook1
9352	Hoxb1
9366	Hoxc4
9375	Hoxd3
9379	Hp
9386	Hpgd
9387	Hpgds
9414	Hs3st1
9422	Hs6st2
9427	Hsd11b1
9456	Hsp90aa1
9459	Hspa12a
9463	Hspa1a
9464	Hspa1b
9472	Hspb1
9476	Hspb6
9492	Htr2b
9500	Htra1
9502	Htra3
9503	Htra4
9520	I730030J21Rik
9521	I830012O16Rik
9527	Ibsp
9531	Icam1
9532	Icam2
9537	Icos
9540	Id1
9541	Id2
9542	Id3
9543	Id4
9556	Ier2
9557	Ier3
9559	Ier5
9563	Ifi202b
9564	Ifi203
9565	Ifi204
9568	Ifi27l2a
9570	Ifi30
9572	Ifi44
9573	Ifi47
9575	Ifit1
9577	Ifit3
9578	Ifitm1
9579	Ifitm2
9580	Ifitm3
9582	Ifitm6
9590	Ifnb1
9592	Ifng
9597	Ifrd1
9614	Igf1
9616	Igf2
9624	Igfbp2
9625	Igfbp3
9626	Igfbp4
9627	Igfbp5
9628	Igfbp6
9629	Igfbp7
9633	Igj
9638	Igsf11
9641	Igsf5
9642	Igsf6
9646	Igtp
9648	Iigp1
9656	Ikzf2
9657	Ikzf3
9660	Il10
9661	Il10ra
9663	Il11
9664	Il11ra1
9666	Il12b
9669	Il13
9675	Il17a
9679	Il17f
9687	Il18r1
9688	Il18rap
9690	Il1a
9691	Il1b
9696	Il1f9
9698	Il1r2
9702	Il1rl1
9704	Il1rn
9705	Il2
9710	Il21r
9715	Il23r
9723	Il2ra
9724	Il2rb
9725	Il2rg
9729	Il33
9730	Il34
9732	Il4
9735	Il5
9737	Il6
9740	Il7
9741	Il7r
9760	Impdh1
9775	Inhba
9776	Inhbb
9779	Inmt
9787	Inpp4b
9798	Insc
9799	Insig1
9806	Insr
9823	Ip6k3
9835	Iqca
9860	Irf1
9868	Irf7
9869	Irf8
9871	Irg1
9873	Irgm1
9874	Irgm2
9882	Irx3
9889	Isg15
9921	Itgae
9922	Itgal
9925	Itgax
9934	Itgb4
9937	Itgb7
9944	Itih5
9945	Itk
9946	Itln1
9947	Itm2a
9967	Iyd
9976	Jakmip1
9979	Jam2
10004	Jun
10005	Junb
10007	Jup
10011	Kank3
10025	Kbtbd11
10035	Kcna1
10036	Kcna2
10039	Kcna5
10042	Kcnab1
10047	Kcnc1
10056	Kcne3
10057	Kcne4
10065	Kcnh3
10076	Kcnj10
10079	Kcnj13
10081	Kcnj15
10086	Kcnj5
10088	Kcnj8
10090	Kcnk1
10095	Kcnk2
10105	Kcnmb4
10110	Kcnq1
10111	Kcnq1ot1
10128	Kctd12
10129	Kctd12b
10161	Kdm4d
10167	Kdm6b
10168	Kdr
10173	Kera
10194	Kif19a
10195	Kif1a
10224	Kifc5b
10232	Kiss1
10234	Kit
10235	Kitl
10251	Klf2
10253	Klf4
10254	Klf5
10255	Klf6
10281	Klhl21
10294	Klhl35
10297	Klhl4
10303	Klk1
10304	Klk10
10317	Klk1b27
10328	Klk8
10329	Klk9
10337	Klra18
10347	Klra7
10352	Klrb1b
10353	Klrb1c
10354	Klrb1f
10358	Klrd1
10359	Klre1
10360	Klrg1
10363	Klri2
10390	Krt14
10391	Krt15
10392	Krt16
10393	Krt17
10394	Krt18
10395	Krt19
10398	Krt222
10399	Krt23
10413	Krt4
10416	Krt5
10417	Krt6a
10419	Krt7
10426	Krt79
10427	Krt8
10479	LOC100038947
10503	LOC545261
10550	Laptm5
10559	Lars2
10567	Lat
10574	Lbp
10599	Lck
10602	Lcmt2
10608	Lcn2
10615	Lcp1
10629	Ldlrad2
10635	Lect1
10650	Lepr
10660	Lfng
10661	Lgals1
10664	Lgals3
10667	Lgals7
10670	Lgi1
10672	Lgi3
10674	Lgmn
10697	Lif
10702	Lilra5
10703	Lilra6
10705	Lilrb4
10708	Limch1
10711	Lime1
10732	Lipe
10733	Lipf
10750	Lman1l
10757	Lmcd1
10761	Lmna
10762	Lmnb1
10765	Lmo2
10769	Lmod1
10770	Lmod2
10771	Lmod3
10789	Loxl1
10792	Loxl4
10798	Lpar6
10800	Lpcat2
10811	Lpl
10812	Lpo
10827	Lrg1
10835	Lrmp
10852	Lrrc10b
10863	Lrrc23
10865	Lrrc25
10866	Lrrc26
10869	Lrrc29
10872	Lrrc32
10873	Lrrc33
10878	Lrrc3b
10890	Lrrc4c
10892	Lrrc51
10904	Lrrc8a
10908	Lrrc8e
10913	Lrriq1
10923	Lrrtm1
10926	Lrrtm4
10946	Lsp1
10949	Lst1
10952	Ltb
10955	Ltbp1
10956	Ltbp2
10958	Ltbp4
10960	Ltc4s
10961	Ltf
10968	Lum
10972	Ly6a
10973	Ly6c1
10974	Ly6c2
10975	Ly6d
10976	Ly6e
10978	Ly6g5b
10980	Ly6g6c
10983	Ly6g6f
10986	Ly6k
10988	Ly86
10993	Lyl1
10994	Lyn
10997	Lypd2
11001	Lypd6
11016	Lyve1
11017	Lyz1
11018	Lyz2
11043	Maf
11046	Mafb
11047	Maff
11050	Mag
11069	Mal
11094	Manf
11143	Mapk8ip2
11154	Mapt
11166	Marcks
11167	Marcksl1
11177	Marveld2
11190	Matk
11191	Matn1
11192	Matn2
11193	Matn3
11194	Matn4
11201	Mbd1
11204	Mbd4
11219	Mbp
11227	Mcam
11236	Mcf2l
11256	Mcpt1
11257	Mcpt2
11258	Mcpt4
11266	Mdfi
11273	Mdk
11319	Mef2c
11321	Mefv
11322	Meg3
11330	Meig1
11337	Meox1
11354	Metrnl
11383	Mfap2
11386	Mfap4
11387	Mfap5
11391	Mfi2
11394	Mfng
11422	Mgl2
11423	Mgll
11425	Mgp
11427	Mgst1
11429	Mgst3
11430	Mia1
11433	Miat
11439	Micalcl
11450	Mif
11550	Mlana
11553	Mlf1
11580	Mmd2
11587	Mmp12
11588	Mmp13
11589	Mmp14
11592	Mmp17
11593	Mmp19
11594	Mmp2
11602	Mmp3
11604	Mmp8
11605	Mmp9
11606	Mmrn1
11607	Mmrn2
11614	Mndal
11615	Mns1
11646	Morn3
11648	Morn5
11661	Mpeg1
11680	Mpped2
11686	Mpz
11689	Mpzl3
11694	Mrc1
11700	Mrgpra2b
11796	Ms4a1
11802	Ms4a4b
11803	Ms4a4c
11805	Ms4a6b
11806	Ms4a6c
11807	Ms4a6d
11808	Ms4a7
11823	Msln
11826	Msmp
11840	Mt1
11841	Mt2
11842	Mt3
11850	Mtap1b
11872	Mtfp1
11915	Muc1
11920	Muc4
11922	Muc5b
11944	Mup6
11951	Mustn1
11960	Mxd1
11965	Mxra8
11968	Myb
11983	Myct1
11992	Myh11
12003	Myl1
12007	Myl2
12013	Myl9
12015	Mylk
12028	Myo1b
12038	Myo5c
12044	Myoc
12055	Myoz3
12108	Naip2
12116	Nanos2
12130	Napsa
12141	Nat2
12153	Nbeal2
12154	Nbl1
12159	Ncam2
12172	Ncf1
12173	Ncf2
12174	Ncf4
12195	Ncrna00086
12208	Ndrg1
12224	Ndufa4l2
12258	Neat1
12259	Neb
12281	Nek2
12296	Nes
12308	Neurl3
12314	Neurog2
12322	Nfatc1
12323	Nfatc2
12327	Nfe2
12338	Nfkbia
12340	Nfkbid
12343	Nfkbiz
12352	Ng23
12356	Ngf
12376	Niacr1
12378	Nid1
12382	Ninj1
12399	Nkain2
12401	Nkain4
12403	Nkapl
12406	Nkg7
12413	Nkx2-1
12414	Nkx2-2
12433	Nlrp12
12437	Nlrp3
12443	Nmb
12459	Nmu
12461	Nnat
12462	Nnmt
12492	Nop58
12496	Nos3
12499	Notch1
12500	Notch2
12501	Notch3
12502	Notch4
12503	Notum
12504	Nov
12506	Nova2
12520	Npc2
12535	Npm2
12538	Npnt
12541	Nppc
12550	Nptx1
12555	Npy
12556	Npy1r
12582	Nr4a1
12583	Nr4a2
12590	Nrarp
12601	Nrgn
12603	Nrip2
12604	Nrip3
12608	Nrn1
12612	Nrp1
12613	Nrp2
12624	Nsg1
12648	Ntf3
12655	Ntn5
12656	Ntng1
12660	Ntrk2
12661	Ntrk3
12662	Nts
12729	Nupr1
12748	Nyx
12761	Oas3
12762	Oasl1
12766	Oaz2
12769	Obfc2a
12782	Odc1
12786	Odf3b
12791	Odz2
12803	Ogn
12806	Oit1
12817	Olfml3
12830	Olfr1372-ps1
12866	Olfr558
12891	Olr1
12893	Omd
12899	Ooep
12931	Orm2
12955	Osm
12958	Osr2
12973	Otor
13002	P2rx1
13010	P2ry10
13039	Padi1
13042	Padi4
13067	Palmd
13068	Pam
13089	Pappa2
13092	Paqr3
13098	Paqr9
13103	Pard6g
13114	Parp14
13133	Pax1
13140	Pax8
13162	Pcdh1
13165	Pcdh12
13167	Pcdh17
13170	Pcdh20
13215	Pcdhga9
13234	Pck1
13247	Pcolce
13248	Pcolce2
13251	Pcp4l1
13252	Pcsk1
13253	Pcsk1n
13269	Pdcd1
13272	Pdcd1lg2
13286	Pde12
13290	Pde2a
13294	Pde4b
13308	Pde9a
13311	Pdgfb
13314	Pdgfra
13331	Pdlim1
13334	Pdlim4
13340	Pdpn
13355	Pdzd7
13366	Pecam1
13369	Peg10
13380	Penk
13386	Perp
13402	Pex5l
13405	Pf4
13413	Pfkfb3
13418	Pfn1
13421	Pfn4
13432	Pgc
13440	Pglyrp1
13496	Phlda1
13501	Phldb3
13517	Pi15
13518	Pi16
13545	Pigr
13556	Pih1d2
13567	Pik3r1
13572	Pik3r6
13574	Pilra
13576	Pilrb2
13577	Pim1
13579	Pim3
13596	Pir
13629	Pkhd1l1
13631	Pkib
13645	Pla1a
13652	Pla2g2a
13654	Pla2g2d
13657	Pla2g3
13664	Pla2g5
13666	Pla2g7
13671	Plac8
13673	Plac9
13677	Plat
13679	Plaur
13681	Plbd1
13703	Pld4
13709	Plek
13714	Plekha4
13719	Plekhb1
13726	Plekhg4
13736	Plekhn1
13744	Plin5
13747	Plk2
13751	Pllp
13752	Pln
13756	Plp1
13761	Plscr1
13762	Plscr2
13766	Pltp
13767	Plvap
13771	Plxna2
13776	Plxnb3
13778	Plxnd1
13782	Pmel
13789	Pmp2
13790	Pmp22
13801	Pnliprp1
13803	Pnma1
13829	Podnl1
13830	Podxl
13896	Pon1
13907	Postn
13914	Pou3f1
13915	Pou3f2
13923	Ppa1
13926	Ppap2a
13927	Ppap2b
13939	Ppbp
13948	Ppfia4
13993	Ppp1r14a
13996	Ppp1r14d
13997	Ppp1r15a
14000	Ppp1r16b
14003	Ppp1r1b
14071	Pram1
14077	Prb1
14081	Prdm1
14098	Prdx5
14099	Prdx6
14110	Prg2
14112	Prg4
14134	Prkcb
14139	Prkch
14141	Prkcq
14149	Prkg2
14156	Prlr
14167	Prmt8
14168	Prnd
14169	Prnp
14172	Procr
14176	Prok2
14183	Prosapip1
14203	Prpmp5
14233	Prrg4
14237	Prrt4
14239	Prrx2
14242	Prss12
14244	Prss2
14246	Prss23
14252	Prss32
14277	Prx
14278	Psap
14316	Psmb8
14375	Ptgds
14389	Ptgs1
14390	Ptgs2
14391	Pth
14394	Pthlh
14397	Ptk6
14401	Ptn
14405	Ptp4a3
14417	Ptpn18
14427	Ptpn7
14430	Ptprb
14431	Ptprc
14432	Ptprcap
14434	Ptpre
14436	Ptprg
14441	Ptprn
14445	Ptprr
14457	Ptx3
14493	Pydc3
14511	Qrfp
14514	Qrich2
14530	Rab11fip1
14548	Rab25
14563	Rab37
14568	Rab3b
14579	Rab44
14590	Rab8b
14607	Rac2
14652	Ramp1
14653	Ramp2
14654	Ramp3
14676	Rapgef3
14677	Rapgef4
14678	Rapgef5
14687	Rarres2
14695	Rasal2
14697	Rasd1
14700	Rasgef1a
14702	Rasgef1c
14704	Rasgrf2
14706	Rasgrp2
14707	Rasgrp3
14709	Rasip1
14712	Rasl11a
14713	Rasl11b
14725	Rassf9
14790	Rbp1
14793	Rbp4
14794	Rbp7
14798	Rbpms2
14802	Rcan1
14803	Rcan2
14826	Rdh12
14838	Rec8
14850	Reg3g
14857	Reln
14859	Rem1
14871	Rergl
14872	Resp18
14875	Retn
14876	Retnla
14878	Retnlg
14925	Rgs1
14926	Rgs10
14929	Rgs13
14930	Rgs14
14931	Rgs16
14935	Rgs2
14937	Rgs22
14939	Rgs4
14940	Rgs5
14955	Rhbdl2
14964	Rhob
14972	Rhoh
14984	Rhox8
14989	Ribc1
14996	Riiad1
14999	Rilpl2
15022	Ripply3
15038	Rn45s
15042	Rnase4
15049	Rnasel
15051	Rnd1
15066	Rnf125
15081	Rnf149
15098	Rnf186
15145	Robo3
15146	Robo4
15243	Rpph1
15304	Rrad
15330	Rsad2
15339	Rsph1
15347	Rspo3
15371	Rtp3
15372	Rtp4
15380	Rundc3a
15385	Runx3
15407	S100a1
15408	S100a10
15409	S100a11
15411	S100a14
15414	S100a3
15415	S100a4
15416	S100a5
15417	S100a6
15419	S100a8
15420	S100a9
15421	S100b
15422	S100g
15425	S1pr1
15427	S1pr3
15428	S1pr4
15432	Saa3
15451	Samd3
15460	Samsn1
15480	Sat1
15482	Satb1
15492	Sbp
15493	Sbpl
15494	Sbsn
15510	Scara3
15511	Scara5
15512	Scarb1
15514	Scarf1
15520	Scd1
15521	Scd2
15527	Scg2
15528	Scg3
15529	Scg5
15530	Scgb1a1
15532	Scgb3a1
15533	Scgb3a2
15553	Scn7a
15557	Scnn1a
15584	Sdc4
15590	Sdf2l1
15600	Sdpr
15615	Sec14l3
15639	Secisbp2l
15645	Sele
15646	Selenbp1
15649	Sell
15651	Selp
15652	Selplg
15653	Sema3a
15654	Sema3b
15658	Sema3f
15659	Sema3g
15662	Sema4c
15663	Sema4d
15664	Sema4f
15668	Sema6a
15669	Sema6b
15671	Sema6d
15672	Sema7a
15682	Sephs2
15684	Sepp1
15691	Sept3
15692	Sept4
15699	Sepx1
15708	Serinc3
15709	Serinc4
15717	Serpina1b
15719	Serpina1d
15724	Serpina3f
15725	Serpina3g
15731	Serpina3n
15738	Serpinb11
15741	Serpinb1a
15744	Serpinb2
15751	Serpinb6b
15754	Serpinb7
15760	Serpine1
15761	Serpine2
15763	Serpinf1
15765	Serping1
15766	Serpinh1
15791	Sez6l
15805	Sfn
15806	Sfpi1
15809	Sfrp1
15810	Sfrp2
15811	Sfrp4
15812	Sfrp5
15819	Sftpa1
15821	Sftpc
15822	Sftpd
15832	Sgcg
15835	Sgk1
15839	Sgms2
15854	Sh2d1a
15856	Sh2d2a
15857	Sh2d3c
15865	Sh3bgrl3
15869	Sh3bp5
15874	Sh3gl3
15883	Sh3tc1
15884	Sh3tc2
15895	Shc4
15898	She
15920	Shroom4
15926	Sidt1
15928	Sigirr
15931	Siglec5
15932	Siglece
15934	Siglech
15948	Sipa1l2
15952	Sirpb1b
15969	Skap1
15972	Skil
15984	Sla
15990	Slamf7
15992	Slamf9
15994	Slc10a1
15998	Slc10a5
16001	Slc11a1
16020	Slc15a2
16021	Slc15a3
16026	Slc16a11
16028	Slc16a13
16031	Slc16a3
16034	Slc16a6
16059	Slc20a1
16140	Slc26a10
16156	Slc28a2
16162	Slc2a1
16167	Slc2a3
16210	Slc35f1
16215	Slc36a2
16227	Slc38a4
16233	Slc39a1
16247	Slc3a1
16249	Slc40a1
16254	Slc43a2
16255	Slc43a3
16298	Slc6a1
16301	Slc6a13
16307	Slc6a2
16313	Slc6a6
16319	Slc7a11
16326	Slc7a4
16331	Slc7a8
16341	Slc9a3r2
16355	Slco2b1
16360	Slfn1
16363	Slfn2
16365	Slfn4
16366	Slfn5
16374	Slitrk2
16377	Slitrk5
16384	Slpi
16387	Slurp1
16399	Smagp
16438	Smoc1
16439	Smoc2
16448	Smpdl3b
16451	Smr3a
16479	Snca
16482	Sncg
16484	Sned1
16545	Snrk
16565	Sntb1
16569	Sntn
16584	Snx20
16590	Snx29
16607	Socs3
16613	Sod2
16614	Sod3
16622	Sorcs1
16630	Sost
16631	Sostdc1
16637	Sox10
16643	Sox17
16644	Sox18
16645	Sox2
16647	Sox2ot
16650	Sox4
16653	Sox7
16655	Sox9
16659	Sp140
16681	Spag6
16685	Sparc
16686	Sparcl1
16725	Speer4e
16743	Spib
16744	Spic
16763	Spint2
16771	Spnb1
16772	Spnb2
16776	Spns2
16782	Spon1
16783	Spon2
16786	Spp1
16794	Sprr1a
16807	Spry1
16808	Spry2
16825	Sqstm1
16843	Srgn
16847	Srms
16880	Srxn1
16894	Sspo
16923	St6galnac3
16933	St8sia5
16935	Stab1
16969	Stc1
16970	Stc2
16974	Steap4
16977	Stfa2l1
16987	Stk17b
17005	Stmn1
17007	Stmn2
17068	Sult1a1
17070	Sult1c1
17072	Sult1d1
17073	Sult1e1
17084	Sult5a1
17121	Svep1
17146	Syk
17157	Syngr1
17158	Syngr2
17170	Syp
17186	Syt5
17193	Sytl3
17205	Tac1
17215	Tacstd2
17243	Tagap
17245	Tagln
17248	Tal1
17257	Tap1
17288	Tbc1d10c
17320	Tbck
17341	Tbx21
17347	Tbxa2r
17351	Tcap
17368	Tcf15
17380	Tchh
17386	Tcn2
17401	Tctex1d4
17415	Tdrd6
17418	Tdrkh
17423	Tec
17431	Tek
17432	Tekt1
17435	Tekt4
17447	Tesc
17450	Tespa1
17458	Tex14
17484	Tff1
17485	Tff2
17490	Tfpi2
17494	Tg
17499	Tgfb2
17501	Tgfbi
17509	Tgm2
17517	Tgtp1
17518	Tgtp2
17530	Thbd
17531	Thbs1
17532	Thbs2
17534	Thbs4
17537	Them5
17553	Thrsp
17554	Thsd1
17555	Thsd4
17556	Thsd7a
17562	Thy1
17570	Tie1
17579	Timd4
17580	Timeless
17593	Timp1
17594	Timp2
17595	Timp3
17596	Timp4
17598	Tinagl1
17600	Tiparp
17630	Tlr2
17633	Tlr5
17638	Tlx1
17644	Tm4sf1
17664	Tmc5
17691	Tmem100
17765	Tmem176a
17766	Tmem176b
17811	Tmem212
17812	Tmem213
17824	Tmem229a
17831	Tmem27
17891	Tmem88
17892	Tmem88b
17928	Tmprss5
17932	Tmsb10
17937	Tmsb4x
17948	Tnc
17949	Tnf
17951	Tnfaip2
17952	Tnfaip3
17953	Tnfaip6
17955	Tnfaip8l1
17961	Tnfrsf12a
17964	Tnfrsf14
17966	Tnfrsf18
17969	Tnfrsf1b
17973	Tnfrsf25
17975	Tnfrsf4
17977	Tnfrsf9
17978	Tnfsf10
17979	Tnfsf11
17982	Tnfsf13b
17983	Tnfsf14
17984	Tnfsf15
17988	Tnfsf9
17992	Tnip3
17998	Tnmd
17999	Tnn
18001	Tnnc2
18002	Tnni1
18021	Tnxb
18043	Top2a
18059	Tpbg
18063	Tpd52
18066	Tph1
18070	Tpm1
18071	Tpm2
18075	Tpo
18080	Tppp3
18087	Tpsab1
18088	Tpsb2
18102	Traf3ip1
18121	Trappc2
18135	Trem1
18136	Trem2
18137	Trem3
18140	Treml4
18144	Trf
18150	Trib1
18159	Trim14
18167	Trim25
18173	Trim30a
18174	Trim30b
18175	Trim30d
18183	Trim36
18235	Trmt61b
18246	Trp53i11
18256	Trpc3
18260	Trpc6
18267	Trpm5
18273	Trpv2
18282	Try4
18283	Try5
18286	Tsc22d1
18288	Tsc22d3
18300	Tshr
18305	Tsks
18311	Tspan1
18314	Tspan12
18315	Tspan13
18317	Tspan15
18348	Tst
18350	Tstd1
18352	Tsx
18364	Ttc21a
18383	Ttc36
18421	Ttyh1
18425	Tuba1a
18439	Tubb4b
18440	Tubb5
18443	Tube1
18461	Tusc5
18469	Txk
18486	Txnip
18499	Tyrobp
18508	Uaca
18509	Uap1
18523	Ubash3a
18526	Ubc
18531	Ube2c
18548	Ube2l6
18593	Ubxn10
18608	Ucma
18610	Ucn2
18612	Ucp2
18621	Ugdh
18643	Ugt8a
18665	Unc45b
18668	Unc5b
18672	Unc79
18675	Unc93b1
18677	Ung
18687	Upk1b
18691	Upp1
18716	Ushbp1
18727	Usp18
18761	Usp50
18762	Usp51
18784	Uts2r
18794	Vamp5
18808	Vat1l
18811	Vav2
18818	Vcam1
18819	Vcan
18829	Vegfc
18840	Vim
18863	Vmn2r-ps129
18886	Vnn3
18891	Vpreb3
18909	Vps37b
18928	Vsig4
18939	Vtn
18940	Vwa1
18948	Vwf
18982	Wdr16
19010	Wdr52
19019	Wdr62
19043	Wdr92
19055	Wfdc12
19058	Wfdc15b
19060	Wfdc2
19076	Wif1
19079	Wipf3
19082	Wisp1
19083	Wisp2
19094	Wnt16
19095	Wnt2
19102	Wnt6
19115	Wscd1
19130	Xcl1
19131	Xcr1
19132	Xdh
19134	Xirp1
19201	Yod1
19223	Zan
19224	Zap70
19231	Zbp1
19358	Zfp112
19408	Zfp273
19425	Zfp300
19446	Zfp36
19452	Zfp36l1
19453	Zfp36l2
19463	Zfp389
19496	Zfp46
19522	Zfp536
19525	Zfp551
19622	Zfp773
19644	Zfp819
19682	Zfp935
19729	Zg16
19767	Zmynd15
