,id,sec_struct_3state
0,13,C
1,14,C
2,15,H
3,16,H
4,17,H
5,18,H
6,19,H
7,20,H
8,21,H
9,22,H
10,23,C
11,24,C
12,25,C
13,26,H
14,27,H
15,28,H
16,29,H
17,30,H
18,31,H
19,32,H
20,33,C
21,34,C
22,35,C
23,36,C
24,37,C
25,38,C
26,39,C
27,40,C
28,41,C
29,42,C
30,43,C
31,44,C
32,45,C
33,46,E
34,47,E
35,48,E
36,49,E
37,50,E
38,51,C
39,52,C
40,53,H
41,54,H
42,55,H
43,56,C
44,57,C
45,58,H
46,59,H
47,60,H
48,61,H
49,62,H
50,63,H
51,64,H
52,65,H
53,66,H
54,67,H
55,68,C
56,69,E
57,70,E
58,71,E
59,72,E
60,73,E
61,74,E
62,75,E
63,76,C
64,77,C
65,78,C
66,79,C
67,80,C
68,81,H
69,82,H
70,83,H
71,84,H
72,85,H
73,86,H
74,87,H
75,88,H
76,89,H
77,90,H
78,91,H
79,92,H
80,93,H
81,94,H
82,95,H
83,96,H
84,97,H
85,98,H
86,99,H
87,100,H
88,101,C
89,102,H
90,103,H
91,104,H
92,105,C
93,106,C
94,107,C
95,108,C
96,109,E
97,110,E
98,111,E
99,112,E
100,113,E
101,114,C
102,115,C
103,116,C
104,117,C
105,118,C
106,119,E
107,120,E
108,121,E
109,122,C
110,123,C
111,124,H
112,125,H
113,126,H
114,127,E
115,128,C
116,129,C
117,130,C
118,131,E
119,132,E
120,133,E
121,134,E
122,135,C
123,136,C
124,137,C
125,138,C
126,139,E
127,140,E
128,141,E
129,142,E
130,143,E
131,144,C
132,145,C
133,146,H
134,147,H
135,148,H
136,149,C
137,150,C
138,151,E
139,152,E
140,153,E
141,154,C
142,155,C
143,156,E
144,157,E
145,158,E
146,159,E
147,160,C
148,161,C
149,162,H
150,163,H
151,164,H
152,165,H
153,166,H
154,167,H
155,168,C
156,169,C
157,170,C
158,171,C
159,172,E
160,173,E
161,174,E
162,175,E
163,176,E
164,177,C
165,178,C
166,179,C
167,180,C
168,181,E
169,182,E
170,183,E
171,184,E
172,185,E
173,186,E
174,187,E
175,188,E
176,189,C
177,190,C
178,191,C
179,192,E
180,193,E
181,194,E
182,195,E
183,196,E
184,197,E
185,198,E
186,199,E
187,200,C
188,201,E
189,202,E
190,203,E
191,204,E
192,205,C
193,206,C
194,207,C
195,208,E
196,209,E
197,210,E
198,211,C
199,212,C
200,213,C
201,214,C
202,215,C
203,216,C
204,217,C
205,218,C
206,219,C
207,220,C
208,221,C
209,222,C
210,223,H
211,224,H
212,225,H
213,226,H
214,227,H
215,228,H
216,229,H
217,230,H
218,231,H
219,232,H
220,233,H
221,234,H
222,235,H
223,236,C
224,237,C
225,238,C
226,239,E
227,240,E
228,241,E
229,242,E
230,243,C
231,244,C
232,245,C
233,246,C
234,247,C
235,248,H
236,249,H
237,250,H
238,251,H
239,252,H
240,253,H
241,254,H
242,255,H
243,256,H
244,257,H
245,258,H
246,259,H
247,260,H
248,261,H
249,262,H
250,263,C
251,264,C
252,265,C
253,266,E
254,267,E
255,268,E
256,269,E
257,270,E
258,271,E
259,272,C
260,273,C
261,274,H
262,275,H
263,276,H
264,277,H
265,278,H
266,279,C
267,280,H
268,281,H
269,282,H
270,283,H
271,284,H
272,285,H
273,286,H
274,287,C
275,288,C
276,289,E
277,290,E
278,291,E
279,292,E
280,293,E
281,294,H
282,295,H
283,296,H
284,297,H
285,298,H
286,299,H
287,300,H
288,301,C
289,302,C
290,303,H
291,304,H
292,305,H
293,306,H
294,307,H
295,308,H
296,309,H
297,310,H
298,311,H
299,312,H
300,313,H
301,314,H
302,315,H
303,316,H
304,317,H
305,318,H
306,319,H
307,320,H
308,321,C
309,322,C
310,323,C
311,324,E
312,325,E
313,326,E
314,327,E
315,328,C
316,329,C
317,330,C
318,331,C
319,332,H
320,333,H
321,334,H
322,335,H
323,336,C
324,337,C
325,338,C
326,339,C
327,340,C
328,341,C
329,342,H
330,343,H
331,344,H
332,345,H
333,346,H
334,347,H
335,348,H
336,349,H
337,350,H
338,351,H
339,352,H
340,353,H
341,354,H
342,355,C
343,356,C
344,357,C
345,358,E
346,359,E
347,360,E
348,361,E
349,362,C
350,363,H
351,364,H
352,365,H
353,366,H
354,367,C
355,368,C
356,369,C
357,370,C
358,371,H
359,372,H
360,373,H
361,374,H
362,375,H
363,376,H
364,377,H
365,378,H
366,379,H
367,380,H
368,381,H
369,382,H
370,383,H
371,384,H
372,385,H
373,386,H
374,387,H
375,388,H
376,389,C
377,390,C
378,391,H
379,392,H
380,393,H
381,394,H
382,395,H
383,396,H
384,397,H
385,398,H
386,399,H
387,400,H
388,401,H
389,402,C
390,403,C
391,404,C
392,405,C
393,406,C
394,407,C
395,408,H
396,409,H
397,410,H
398,411,H
399,412,H
400,413,H
401,414,H
402,415,H
403,416,H
404,417,H
405,418,H
406,419,H
407,420,H
408,421,H
409,422,H
410,423,H
411,424,C
412,425,C
413,426,C
414,427,E
415,428,E
416,429,E
417,430,E
418,431,E
419,432,C
420,433,C
421,434,C
422,435,C
423,436,H
424,437,H
425,438,H
426,439,H
427,440,H
428,441,H
429,442,H
430,443,H
431,444,C
432,445,C
433,446,C
434,447,C
435,448,C
436,449,C
437,450,E
438,451,E
439,452,E
440,453,E
441,454,E
442,455,C
443,456,C
444,457,H
445,458,H
446,459,H
447,460,H
448,461,H
449,462,H
450,463,H
451,464,H
452,465,H
453,466,C
454,467,C
455,468,C
456,469,E
457,470,E
458,471,E
459,472,E
460,473,E
461,474,C
462,475,C
463,476,C
464,477,C
465,478,C
466,479,C
467,480,C
468,481,C
469,482,H
470,483,H
471,484,H
472,485,H
473,486,H
474,487,H
475,488,H
476,489,H
477,490,H
478,491,H
479,492,H
480,493,H
481,494,H
482,495,H
483,496,H
484,497,H
485,498,H
486,499,H
487,500,H
488,501,C
489,502,C
490,503,C
491,504,C
492,505,C
493,506,C
494,507,C
495,508,E
496,509,E
497,510,E
498,511,E
499,512,E
500,513,E
501,514,E
502,515,C
503,516,C
504,517,C
505,518,C
506,519,C
507,520,C
508,521,C
509,522,E
510,523,E
511,524,E
512,525,E
513,526,E
514,527,E
515,528,E
516,529,E
517,530,C
