i,A_i,j,A_j,fn,cn,segment_i,segment_j,probability,dist_intra,dist_multimer,dist,precision
56,N,58,K,0,0.846606,A,A,0.9999062540489566,2.439798557258364,47.877125070329775,2.439798557258364,1.0
45,L,46,G,0,0.653624,A,A,0.9921059888909092,1.3037864088875917,37.58818230508094,1.3037864088875917,1.0
44,I,45,L,0,0.6492600000000001,A,A,0.9913872887924614,1.3039976993844706,33.957424328120055,1.3039976993844706,1.0
56,N,57,S,0,0.645562,A,A,0.9907313279641156,1.3085144248345146,45.77836874551124,1.3085144248345146,1.0
57,S,58,K,0,0.551948,A,A,0.9480600578594568,1.3054727113195441,46.24195673844264,1.3054727113195441,1.0
41,P,52,K,0,0.531238,A,A,0.9267006124553676,11.377208357061937,23.871295251829128,11.377208357061937,0.8333333333333334
27,A,28,R,0,0.496539,A,A,0.8738586049971006,,,,0.8333333333333334
24,A,25,A,0,0.487627,A,A,0.8560862905505181,,,,0.8333333333333334
34,A,35,H,0,0.431076,A,A,0.6952747376131342,1.3130750168973604,14.370516135476834,1.3130750168973604,0.8571428571428571
44,I,48,T,0,0.430579,A,A,0.6934858092754718,2.731006590984354,29.514462166876765,2.731006590984354,0.875
30,S,32,W,0,0.420835,A,A,0.6572047373369061,3.117669963289891,20.20960526581358,3.117669963289891,0.8888888888888888
9,V,11,S,0,0.417491,A,A,0.6442483175059254,,,,0.8888888888888888
32,W,33,W,0,0.411647,A,A,0.6210351004291002,1.3179992412744406,22.099130774761253,1.3179992412744406,0.9
42,D,44,I,0,0.404136,A,A,0.5902326429713843,2.850932479032079,33.20015091833169,2.850932479032079,0.9090909090909091
45,L,49,E,0,0.394164,A,A,0.5479328746202601,2.7446369523126353,34.596978264004505,2.7446369523126353,0.9166666666666666
18,H,20,G,0,0.371342,A,A,0.4475818295758677,,,,0.9166666666666666
25,A,26,S,0,0.363835,A,A,0.41435258963853067,,,,0.9166666666666666
17,F,18,H,0,0.357813,A,A,0.3879122338726849,,,,0.9166666666666666
46,G,50,A,0,0.356533,A,A,0.382330841306344,2.2445759064910265,37.16334005441384,2.2445759064910265,0.9230769230769231
24,A,26,S,0,0.350003,A,A,0.35413716084547525,,,,0.9230769230769231
43,P,47,V,0,0.343115,A,A,0.32503510176107003,2.822742637932125,31.03611528526082,2.822742637932125,0.9285714285714286
39,G,41,P,0,0.339158,A,A,0.30868087666278193,3.443890532522773,30.276535221190677,3.443890532522773,0.9333333333333333
26,S,28,R,0,0.332648,A,A,0.2824547235517987,,,,0.9333333333333333
48,T,52,K,0,0.33195,A,A,0.2796974457311282,2.5037853342489225,31.968415162469345,2.5037853342489225,0.9375
11,S,12,G,0,0.331091,A,A,0.27631953514653096,,,,0.9375
38,M,41,P,0,0.328642,A,A,0.26678452763990473,5.828208386802929,30.311704274091873,5.828208386802929,0.8823529411764706
18,H,21,L,0,0.326689,A,A,0.2592850567030759,,,,0.8823529411764706
38,M,52,K,0,0.326283,A,A,0.2577379707520401,15.106171255483636,24.737901244850985,15.106171255483636,0.8333333333333334
49,E,52,K,0,0.324351,A,A,0.25043357577787234,2.757407840708368,33.7323639699325,2.757407840708368,0.8421052631578947
20,G,21,L,0,0.321408,A,A,0.2394945489092668,,,,0.8421052631578947
37,E,38,M,0,0.321395,A,A,0.23944674247760234,1.311658873335596,24.3964189585275,1.311658873335596,0.85
45,L,47,V,0,0.316762,A,A,0.22270648105970486,2.6977240407424903,36.241750771727354,2.6977240407424903,0.8571428571428571
19,P,20,G,0,0.31337600000000004,A,A,0.210858215897951,,,,0.8571428571428571
36,V,52,K,0,0.30566,A,A,0.1851379723108765,23.109952509687247,24.544453670839772,23.109952509687247,0.8181818181818182
9,V,10,L,0,0.30546,A,A,0.18449563202555064,,,,0.8181818181818182
28,R,29,A,0,0.297747,A,A,0.16069040500127274,,,,0.8181818181818182
27,A,29,A,0,0.295219,A,A,0.15330404725966526,,,,0.8181818181818182
47,V,48,T,0,0.293527,A,A,0.14847650656572947,1.3095056319084701,34.03836816006314,1.3095056319084701,0.8260869565217391
41,P,49,E,0,0.293412,A,A,0.14815178540310794,3.89326765070166,29.776186139262357,3.89326765070166,0.8333333333333334
43,P,46,G,0,0.28544899999999995,A,A,0.12672120659704186,2.750870771228634,32.645360635165304,2.750870771228634,0.84
42,D,43,P,0,0.279981,A,A,0.11320987522881548,1.317225493224301,32.922596510603476,1.317225493224301,0.8461538461538461
10,L,12,G,0,0.279379,A,A,0.11178204847957693,,,,0.8461538461538461
12,G,13,V,0,0.272622,A,A,0.09656064056462413,,,,0.8461538461538461
43,P,44,I,0,0.26876500000000003,A,A,0.08852671316025232,1.3076853597100486,31.569188855591467,1.3076853597100486,0.8518518518518519
14,A,17,F,0,0.267839,A,A,0.08666765614475735,,,,0.8518518518518519
42,D,45,L,0,0.262328,A,A,0.07615285427254775,2.545571448614239,32.83322273247023,2.545571448614239,0.8571428571428571
35,H,37,E,0,0.262298,A,A,0.07609815795432452,3.1641084052225494,16.131976072384933,3.1641084052225494,0.8620689655172413
26,S,29,A,0,0.25892800000000005,A,A,0.07012602574329596,,,,0.8620689655172413
48,T,49,E,0,0.25513600000000003,A,A,0.06380729863978897,1.3129763897344116,37.48606702496276,1.3129763897344116,0.8666666666666667
32,W,37,E,0,0.253433,A,A,0.061104822461798575,8.592213277148094,16.738990292129333,8.592213277148094,0.8387096774193549
12,G,14,A,0,0.24549,A,A,0.04956763874499913,,,,0.8387096774193549
18,H,19,P,0,0.242492,A,A,0.04565278505985082,,,,0.8387096774193549
14,A,18,H,0,0.239708,A,A,0.04222350457052623,,,,0.8387096774193549
30,S,37,E,0,0.236337,A,A,0.0383281742223701,12.004060188119682,14.185385895350185,12.004060188119682,0.8125
22,A,23,A,0,0.235607,A,A,0.03752074998519814,,,,0.8125
10,L,16,A,0,0.234892,A,A,0.03674214733756335,,,,0.8125
28,R,33,W,0,0.234528,A,A,0.03635038339275935,,,,0.8125
36,V,39,G,0,0.234131,A,A,0.035926631496046704,6.435862180003544,25.233944638125845,6.435862180003544,0.7878787878787878
41,P,46,G,0,0.232263,A,A,0.033981646006398684,4.12500715150895,32.64918798377687,4.12500715150895,0.7941176470588235
52,K,53,R,0,0.231109,A,A,0.03281980895912739,1.2984255850837172,39.906658028454345,1.2984255850837172,0.8
25,A,28,R,0,0.22968400000000005,A,A,0.03142620012023768,,,,0.8
47,V,55,T,0,0.229325,A,A,0.031082173963758813,10.620456016574806,34.569934104652276,10.620456016574806,0.7777777777777778
9,V,13,V,0,0.227502,A,A,0.029378392959774964,,,,0.7777777777777778
39,G,43,P,0,0.225948,A,A,0.027982028754208976,8.848792573001134,30.712127083613076,8.848792573001134,0.7567567567567568
43,P,51,Y,0,0.22125300000000006,A,A,0.02406475848912911,8.54787751433068,24.750714454334442,8.54787751433068,0.7368421052631579
10,L,11,S,0,0.219116,A,A,0.022425738146265462,,,,0.7368421052631579
49,E,51,Y,0,0.217369,A,A,0.02114988220336834,2.953544480789142,35.034097476601275,2.953544480789142,0.7435897435897436
11,S,15,S,0,0.215383,A,A,0.019767315574039324,,,,0.7435897435897436
17,F,20,G,0,0.21433,A,A,0.019062790907454618,,,,0.7435897435897436
13,V,16,A,0,0.211302,A,A,0.017143363175160752,,,,0.7435897435897436
16,A,27,A,0,0.211226,A,A,0.017097172689014402,,,,0.7435897435897436
42,D,46,G,0,0.210778,A,A,0.016826827183227724,2.630364803596643,33.76286200842577,2.630364803596643,0.75
41,P,44,I,0,0.209945,A,A,0.016332880347443034,5.75000130434768,30.700963323648335,5.75000130434768,0.7317073170731707
11,S,19,P,0,0.208747,A,A,0.01564210660478673,,,,0.7317073170731707
39,G,52,K,0,0.208669,A,A,0.01559792335325089,16.2159916440531,23.82683384337919,16.2159916440531,0.7142857142857143
20,G,22,A,0,0.20848200000000006,A,A,0.015492387702610294,,,,0.7142857142857143
31,S,32,W,0,0.207597,A,A,0.015000358371573047,1.3077098301993482,22.50462821288101,1.3077098301993482,0.7209302325581395
16,A,20,G,0,0.207187,A,A,0.01477653369428428,,,,0.7209302325581395
27,A,30,S,0,0.206789,A,A,0.01456173012801556,,,,0.7209302325581395
14,A,15,S,0,0.206664,A,A,0.014494765956436916,,,,0.7209302325581395
38,M,43,P,0,0.205393,A,A,0.013827273701899392,11.90821304814455,30.593576139444696,11.90821304814455,0.7045454545454546
49,E,53,R,0,0.204697,A,A,0.01347195830433216,2.883564807664291,39.74065247325464,2.883564807664291,0.7111111111111111
16,A,18,H,0,0.204033,A,A,0.013139597975478872,,,,0.7111111111111111
33,W,39,G,0,0.203684,A,A,0.012967471497700335,10.117767589740339,23.997399629959908,10.117767589740339,0.6956521739130435
39,G,46,G,0,0.203276,A,A,0.012768464787132382,9.818200089629464,30.6145521933606,9.818200089629464,0.6808510638297872
32,W,38,M,0,0.202249,A,A,0.01227799729139175,11.608088602349655,20.1770673290248,11.608088602349655,0.6666666666666666
11,S,13,V,0,0.201832,A,A,0.012083072903609028,,,,0.6666666666666666
34,A,41,P,0,0.201777,A,A,0.01205754374114006,15.152703719138705,24.73891004066266,15.152703719138705,0.6530612244897959
19,P,23,A,0,0.201571,A,A,0.011962297142011495,,,,0.6530612244897959
44,I,49,E,0,0.200564,A,A,0.011505072233579293,4.8281928296206225,31.155800583518953,4.8281928296206225,0.66
36,V,46,G,0,0.198538,A,A,0.01062638948758648,17.873122111147786,30.20505393142015,17.873122111147786,0.6470588235294118
19,P,22,A,0,0.194583,A,A,0.009062298747367177,,,,0.6470588235294118
34,A,37,E,0,0.190783,A,A,0.007735152747065947,4.288249293126505,16.7611554196004,4.288249293126505,0.6538461538461539
25,A,27,A,0,0.19053,A,A,0.007652549905318505,,,,0.6538461538461539
13,V,17,F,0,0.188859,A,A,0.0071242529053893965,,,,0.6538461538461539
24,A,29,A,0,0.185889,A,A,0.00625654011210331,,,,0.6538461538461539
47,V,56,N,0,0.185651,A,A,0.006190802275992108,11.650849840247705,33.66666668976898,11.650849840247705,0.6415094339622641
47,V,50,A,0,0.184727,A,A,0.005940745184100339,2.720950385435205,38.56443379592134,2.720950385435205,0.6481481481481481
22,A,36,V,0,0.181816,A,A,0.0052048263468085325,,,,0.6481481481481481
14,A,16,A,0,0.181436,A,A,0.005114366222418912,,,,0.6481481481481481
21,L,22,A,0,0.181101,A,A,0.005035659063340046,,,,0.6481481481481481
23,A,24,A,0,0.180945,A,A,0.004999337613135317,,,,0.6481481481481481
41,P,50,A,0,0.180672,A,A,0.004936276656969161,7.200748155573834,31.16333308553499,7.200748155573834,0.6363636363636364
23,A,30,S,0,0.179955,A,A,0.0047736645945674,,,,0.6363636363636364
17,F,21,L,0,0.178821,A,A,0.004525212951594082,,,,0.6363636363636364
29,A,53,R,0,0.177813,A,A,0.004313124184350211,,,,0.6363636363636364
55,T,56,N,0,0.176232,A,A,0.003996522863705884,1.3018732657213623,47.67468322915214,1.3018732657213623,0.6428571428571429
43,P,48,T,0,0.175751,A,A,0.003903981186825994,4.666258244032363,26.719380176194214,4.666258244032363,0.6491228070175439
46,G,49,E,0,0.175675,A,A,0.003889517377969091,2.8250490261232653,35.49688597609655,2.8250490261232653,0.6551724137931034
9,V,12,G,0,0.1742,A,A,0.003617190949933675,,,,0.6551724137931034
16,A,43,P,0,0.173521,A,A,0.0034970771786355195,,,,0.6551724137931034
28,R,39,G,0,0.173182,A,A,0.003438317864321421,,,,0.6551724137931034
10,L,17,F,0,0.173023,A,A,0.003411032467143031,,,,0.6551724137931034
11,S,17,F,0,0.171734,A,A,0.003196185811454588,,,,0.6551724137931034
20,G,23,A,0,0.169749,A,A,0.00288672073451662,,,,0.6551724137931034
12,G,15,S,0,0.16961600000000002,A,A,0.0028668817430238663,,,,0.6551724137931034
14,A,19,P,0,0.16903,A,A,0.002780774568089906,,,,0.6551724137931034
25,A,29,A,0,0.168665,A,A,0.0027282034720070483,,,,0.6551724137931034
41,P,53,R,0,0.168257,A,A,0.002670390764551339,6.444526437217866,29.371386569244564,6.444526437217866,0.6440677966101694
15,S,18,H,0,0.167059,A,A,0.0025063251834341925,,,,0.6440677966101694
17,F,19,P,0,0.166725,A,A,0.0024620664509337076,,,,0.6440677966101694
31,S,46,G,0,0.166704,A,A,0.002459304962647381,26.526722790423996,32.29032630680587,26.526722790423996,0.6333333333333333
13,V,14,A,0,0.166326,A,A,0.0024100246801918505,,,,0.6333333333333333
47,V,49,E,0,0.165877,A,A,0.0023525286754739736,2.5956615727016485,36.01110831396335,2.5956615727016485,0.639344262295082
13,V,20,G,0,0.16486099999999998,A,A,0.0022265162338096557,,,,0.639344262295082
12,G,19,P,0,0.16406099999999998,A,A,0.0021311892699522185,,,,0.639344262295082
44,I,52,K,0,0.16314,A,A,0.002025568771407788,8.20609566115336,24.283086006519024,8.20609566115336,0.6290322580645161
36,V,49,E,0,0.16308,A,A,0.0020188381369984293,15.396109476098175,28.59306784869368,15.396109476098175,0.6190476190476191
28,R,34,A,0,0.162125,A,A,0.0019141292913772824,,,,0.6190476190476191
13,V,18,H,0,0.16158599999999998,A,A,0.0018570078246933788,,,,0.6190476190476191
48,T,57,S,0,0.16098900000000002,A,A,0.001795364889045987,13.128178776966744,32.616635172868456,13.128178776966744,0.609375
25,A,30,S,0,0.160919,A,A,0.0017882474283235172,,,,0.609375
35,H,48,T,0,0.16059600000000002,A,A,0.0017557020669495484,25.487849732764825,23.213238593526754,23.213238593526754,0.6
26,S,30,S,0,0.160135,A,A,0.0017100881996559647,,,,0.6
38,M,56,N,0,0.15907000000000002,A,A,0.0016083922186285622,22.352512923606604,23.145463572804076,22.352512923606604,0.5909090909090909
22,A,26,S,0,0.158385,A,A,0.00154562787438182,,,,0.5909090909090909
38,M,39,G,0,0.157602,A,A,0.0014763460533028822,1.298976135269622,27.508015940812598,1.298976135269622,0.5970149253731343
26,S,27,A,0,0.15757100000000002,A,A,0.0014736561818860154,,,,0.5970149253731343
27,A,31,S,0,0.153193,A,A,0.0011319214998021002,,,,0.5970149253731343
16,A,17,F,0,0.152896,A,A,0.0011113265946747753,,,,0.5970149253731343
36,V,50,A,0,0.152649,A,A,0.0010944339944015692,20.66517723127484,27.112218850547812,20.66517723127484,0.5882352941176471
38,M,53,R,0,0.151187,A,A,0.0009987071238833107,8.41968793958541,27.703579642349478,8.41968793958541,0.5797101449275363
34,A,39,G,0,0.150666,A,A,0.000966305118093784,9.69377423917021,20.522427293085972,9.69377423917021,0.5714285714285714
30,S,34,A,0,0.150464,A,A,0.0009539773652722037,3.0568030685668965,19.755183471686614,3.0568030685668965,0.5774647887323944
39,G,53,R,0,0.150122,A,A,0.000933400805561675,10.141882764063093,28.037133430506056,10.141882764063093,0.5694444444444444
21,L,24,A,0,0.14988800000000002,A,A,0.00091953374125328,,,,0.5694444444444444
32,W,48,T,0,0.14976099999999998,A,A,0.000912078911585366,28.92419523513143,25.06988133198879,25.06988133198879,0.5616438356164384
21,L,23,A,0,0.14843,A,A,0.0008369004818652822,,,,0.5616438356164384
39,G,45,L,0,0.14796700000000002,A,A,0.0008119793492203267,9.206975724959852,29.866312226319476,9.206975724959852,0.5540540540540541
16,A,23,A,0,0.146781,A,A,0.0007509228639064154,,,,0.5540540540540541
24,A,35,H,0,0.14543499999999998,A,A,0.0006862763852227587,,,,0.5540540540540541
21,L,26,S,0,0.145233,A,A,0.0006769847404548979,,,,0.5540540540540541
9,V,14,A,0,0.144403,A,A,0.0006398919243689393,,,,0.5540540540540541
9,V,19,P,0,0.144347,A,A,0.000637451183920554,,,,0.5540540540540541
41,P,48,T,0,0.144084,A,A,0.0006260913632908773,8.1705739088512,26.602331739905807,8.1705739088512,0.5466666666666666
24,A,27,A,0,0.143304,A,A,0.0005933829638037879,,,,0.5466666666666666
44,I,46,G,0,0.14141800000000002,A,A,0.0005201107263830921,2.972891017175035,35.11816374755377,2.972891017175035,0.5526315789473685
10,L,14,A,0,0.141085,A,A,0.0005079904136208591,,,,0.5526315789473685
11,S,14,A,0,0.138659,A,A,0.0004265837375227062,,,,0.5526315789473685
35,H,36,V,0,0.137923,A,A,0.000404156212970325,1.304246525776473,15.75163677209451,1.304246525776473,0.5584415584415584
39,G,50,A,0,0.137899,A,A,0.0004034417862642538,12.651688148227493,29.066923280595073,12.651688148227493,0.5512820512820513
24,A,28,R,0,0.137698,A,A,0.000397499736681126,,,,0.5512820512820513
16,A,19,P,0,0.136735,A,A,0.0003700347429950214,,,,0.5512820512820513
47,V,54,D,0,0.135266,A,A,0.00033120339570168856,7.5510770092748976,35.189136803849,7.5510770092748976,0.5443037974683544
38,M,47,V,0,0.134874,A,A,0.00032143858125465845,12.957610582202259,28.14116234273204,12.957610582202259,0.5375
20,G,26,S,0,0.13475399999999998,A,A,0.0003184980078569632,,,,0.5375
12,G,17,F,0,0.13255,A,A,0.0002683643574526217,,,,0.5375
42,D,59,K,0,0.13203199999999998,A,A,0.00025759747933769403,15.864412690043082,25.124492213774197,15.864412690043082,0.5308641975308642
20,G,24,A,0,0.131743,A,A,0.00025174986309084343,,,,0.5308641975308642
13,V,19,P,0,0.130175,A,A,0.0002219312997324081,,,,0.5308641975308642
28,R,51,Y,0,0.129114,A,A,0.00020348936134837104,,,,0.5308641975308642
28,R,32,W,0,0.128218,A,A,0.00018893797113565241,,,,0.5308641975308642
33,W,48,T,0,0.12674100000000002,A,A,0.00016686860007685168,25.402439764715513,25.943806698323975,25.402439764715513,0.524390243902439
13,V,35,H,0,0.125185,A,A,0.00014601592873817698,,,,0.524390243902439
48,T,54,D,0,0.124837,A,A,0.00014166738428662913,6.475220922872049,36.52842842225765,6.475220922872049,0.5180722891566265
33,W,41,P,0,0.124789,A,A,0.00014107628456810388,16.228437324647132,25.52693213059493,16.228437324647132,0.5119047619047619
11,S,57,S,0,0.123823,A,A,0.00012961679980205863,,,,0.5119047619047619
33,W,44,I,0,0.123786,A,A,0.00012919406619534346,24.171781895425088,28.873874454253627,24.171781895425088,0.5058823529411764
29,A,55,T,0,0.123638,A,A,0.00012751480361402291,,,,0.5058823529411764
13,V,15,S,0,0.123376,A,A,0.000124587436883391,,,,0.5058823529411764
14,A,25,A,0,0.12287,A,A,0.00011909498625789304,,,,0.5058823529411764
10,L,22,A,0,0.122687,A,A,0.00011715987615783904,,,,0.5058823529411764
9,V,15,S,0,0.120779,A,A,9.852305910331757e-05,,,,0.5058823529411764
30,S,33,W,0,0.120057,A,A,9.216167136171218e-05,5.282467321242981,20.189710522937172,5.282467321242981,0.5
29,A,35,H,0,0.119927,A,A,9.105426760721942e-05,,,,0.5
38,M,49,E,0,0.119455,A,A,8.712829435276423e-05,8.133881914559616,28.4111356161629,8.133881914559616,0.4942528735632184
22,A,57,S,0,0.118673,A,A,8.094123950897985e-05,,,,0.4942528735632184
14,A,22,A,0,0.117907,A,A,7.524809209406836e-05,,,,0.4942528735632184
37,E,49,E,0,0.117772,A,A,7.42810360391066e-05,13.338673322336074,24.445887384179777,13.338673322336074,0.48863636363636365
43,P,52,K,0,0.117595,A,A,7.302921084988782e-05,10.584975247963499,22.95736321967312,10.584975247963499,0.48314606741573035
21,L,29,A,0,0.117503,A,A,7.23856918050187e-05,,,,0.48314606741573035
19,P,25,A,0,0.116986,A,A,6.885874191502853e-05,,,,0.48314606741573035
17,F,25,A,0,0.116756,A,A,6.733753854991828e-05,,,,0.48314606741573035
30,S,53,R,0,0.116619,A,A,6.644515524316003e-05,26.80219563767118,24.350959529349144,24.350959529349144,0.4777777777777778
41,P,43,P,0,0.116283,A,A,6.429923372691956e-05,3.0618440522012227,31.716187759565305,3.0618440522012227,0.4835164835164835
19,P,24,A,0,0.115514,A,A,5.9609819355699816e-05,,,,0.4835164835164835
19,P,51,Y,0,0.114726,A,A,5.5111360426048925e-05,,,,0.4835164835164835
15,S,21,L,0,0.11403,A,A,5.138319411594281e-05,,,,0.4835164835164835
43,P,50,A,0,0.113494,A,A,4.8661482581121637e-05,7.231321317712277,31.192901532239674,7.231321317712277,0.4782608695652174
22,A,24,A,0,0.112669,A,A,4.4714167879673215e-05,,,,0.4782608695652174
12,G,18,H,0,0.112325,A,A,4.315139656699113e-05,,,,0.4782608695652174
33,W,50,A,0,0.111894,A,A,4.1259804568926476e-05,23.88052882580283,23.657167116964786,23.657167116964786,0.4731182795698925
36,V,43,P,0,0.111573,A,A,3.98977084608937e-05,16.78773662528693,30.931231692255643,16.78773662528693,0.46808510638297873
31,S,33,W,0,0.110563,A,A,3.5861115156379205e-05,2.7684165149052267,22.13038881267114,2.7684165149052267,0.47368421052631576
19,P,31,S,0,0.109711,A,A,3.27343930331326e-05,,,,0.47368421052631576
40,P,46,G,0,0.109521,A,A,3.2070095478173405e-05,7.179785721036525,28.316548889297934,7.179785721036525,0.46875
50,A,52,K,0,0.10641,A,A,2.2731558007450945e-05,3.074354891680529,34.37699924368036,3.074354891680529,0.4742268041237113
24,A,54,D,0,0.106403,A,A,2.271354178317322e-05,,,,0.4742268041237113
29,A,33,W,0,0.105318,A,A,2.006605113870784e-05,,,,0.4742268041237113
29,A,30,S,0,0.104644,A,A,1.8559694517730452e-05,,,,0.4742268041237113
22,A,53,R,0,0.104599,A,A,1.846270934449434e-05,,,,0.4742268041237113
9,V,35,H,0,0.102298,A,A,1.4053617301599915e-05,,,,0.4742268041237113
10,L,27,A,0,0.101917,A,A,1.3419859106436008e-05,,,,0.4742268041237113
27,A,55,T,0,0.101641,A,A,1.297641620726744e-05,,,,0.4742268041237113
21,L,55,T,0,0.1016,A,A,1.291164172355152e-05,,,,0.4742268041237113
20,G,25,A,0,0.101254,A,A,1.2376112888180933e-05,,,,0.4742268041237113
15,S,17,F,0,0.10098,A,A,1.1965837223375493e-05,,,,0.4742268041237113
40,P,58,K,0,0.100761,A,A,1.164647726608383e-05,24.237157485975946,20.399797327424604,20.399797327424604,0.46938775510204084
24,A,57,S,0,0.100179,A,A,1.083355587125774e-05,,,,0.46938775510204084
12,G,22,A,0,0.09995,A,A,1.0527513880591692e-05,,,,0.46938775510204084
13,V,26,S,0,0.099037,A,A,9.380955061169459e-06,,,,0.46938775510204084
23,A,26,S,0,0.098829,A,A,9.135532006543021e-06,,,,0.46938775510204084
29,A,57,S,0,0.097725,A,A,7.924384816176277e-06,,,,0.46938775510204084
11,S,23,A,0,0.097608,A,A,7.804653289387503e-06,,,,0.46938775510204084
44,I,47,V,0,0.097461,A,A,7.65646336895224e-06,2.461208239869191,33.63785085287108,2.461208239869191,0.47474747474747475
39,G,58,K,0,0.096766,A,A,6.9886218217479535e-06,26.361605660505578,20.35767604615026,20.35767604615026,0.47
12,G,16,A,0,0.096606,A,A,6.842293580276787e-06,,,,0.47
9,V,55,T,0,0.094824,A,A,5.384832030051959e-06,,,,0.47
54,D,58,K,0,0.094237,A,A,4.968385972376733e-06,5.918305247281522,42.817037333285924,5.918305247281522,0.46534653465346537
53,R,55,T,0,0.093839,A,A,4.702348915678038e-06,3.1343715478545295,39.04502680239827,3.1343715478545295,0.47058823529411764
31,S,34,A,0,0.093776,A,A,4.661403941101842e-06,2.850417162451841,20.93359992930026,2.850417162451841,0.47572815533980584
39,G,48,T,0,0.092562,A,A,3.931173730242511e-06,14.023416452491169,24.70036356007741,14.023416452491169,0.47115384615384615
9,V,18,H,0,0.092266,A,A,3.7691661561807953e-06,,,,0.47115384615384615
54,D,55,T,0,0.090943,A,A,3.114567187069537e-06,1.306386619649794,45.35683025741548,1.306386619649794,0.47619047619047616
32,W,47,V,0,0.090427,A,A,2.8877716060221247e-06,27.836395222801382,27.17595630332077,27.17595630332077,0.4716981132075472
37,E,39,G,0,0.090032,A,A,2.7241154915895712e-06,3.0523717008254425,23.59693511878185,3.0523717008254425,0.4766355140186916
22,A,28,R,0,0.089692,A,A,2.5898476650191927e-06,,,,0.4766355140186916
48,T,56,N,0,0.08921699999999999,A,A,2.412040750051063e-06,11.018110591203925,34.75951567556717,11.018110591203925,0.4722222222222222
18,H,58,K,0,0.089021,A,A,2.341867920777505e-06,,,,0.4722222222222222
25,A,35,H,0,0.08856,A,A,2.1838690127813386e-06,,,,0.4722222222222222
52,K,55,T,0,0.087684,A,A,1.90935349833468e-06,4.602960243147882,38.482840123878596,4.602960243147882,0.47706422018348627
38,M,50,A,0,0.08722,A,A,1.7766799037631478e-06,12.07782637729157,29.34127178566055,12.07782637729157,0.4727272727272727
23,A,53,R,0,0.086916,A,A,1.6942368024654902e-06,,,,0.4727272727272727
19,P,21,L,0,0.08680800000000001,A,A,1.6657726311848884e-06,,,,0.4727272727272727
40,P,50,A,0,0.086739,A,A,1.6478092852375616e-06,10.819602996413499,26.955783980437296,10.819602996413499,0.46846846846846846
22,A,29,A,0,0.086707,A,A,1.639536745134531e-06,,,,0.46846846846846846
44,I,59,K,0,0.08669199999999999,A,A,1.6356716474406418e-06,12.83897305083237,27.018496978921682,12.83897305083237,0.4642857142857143
15,S,23,A,0,0.085537,A,A,1.3611866184103868e-06,,,,0.4642857142857143
34,A,40,P,0,0.085534,A,A,1.360530372950793e-06,12.833725647683139,19.979904979754036,12.833725647683139,0.46017699115044247
9,V,17,F,0,0.085097,A,A,1.267876739203325e-06,,,,0.46017699115044247
11,S,21,L,0,0.084198,A,A,1.0946510552069531e-06,,,,0.46017699115044247
33,W,52,K,0,0.084165,A,A,1.088712749893462e-06,26.01677649133343,19.988187236465446,19.988187236465446,0.45614035087719296
12,G,35,H,0,0.083333,A,A,9.481275111273035e-07,,,,0.45614035087719296
10,L,26,S,0,0.083232,A,A,9.322089189703621e-07,,,,0.45614035087719296
21,L,54,D,0,0.083074,A,A,9.077820618618084e-07,,,,0.45614035087719296
33,W,34,A,0,0.082329,A,A,8.000920964449767e-07,1.3009857800913869,17.57091007887753,1.3009857800913869,0.4608695652173913
50,A,55,T,0,0.082178,A,A,7.797033579972731e-07,6.136361951514918,38.72479375025773,6.136361951514918,0.45689655172413796
44,I,50,A,0,0.081578,A,A,7.031741690573726e-07,6.404313077918661,33.25934231159721,6.404313077918661,0.452991452991453
51,Y,53,R,0,0.081359,A,A,6.769515246848635e-07,3.0148912086508215,41.13508367561685,3.0148912086508215,0.4576271186440678
46,G,53,R,0,0.080843,A,A,6.185741095231215e-07,3.3688861660792266,35.04908943182405,3.3688861660792266,0.46218487394957986
28,R,31,S,0,0.080808,A,A,6.147817567025116e-07,,,,0.46218487394957986
43,P,45,L,0,0.080759,A,A,6.095072212119807e-07,2.711094981737088,31.298660881897174,2.711094981737088,0.4666666666666667
52,K,58,K,0,0.078989,A,A,4.4399672896503924e-07,10.540166317473366,35.55418857181247,10.540166317473366,0.4628099173553719
50,A,53,R,0,0.078628,A,A,4.156459295801704e-07,2.8363747989290866,40.405584972872255,2.8363747989290866,0.4672131147540984
32,W,55,T,0,0.07821,A,A,3.8484458697749467e-07,35.06318171529788,14.18996360108087,14.18996360108087,0.4634146341463415
50,A,51,Y,0,0.078102,A,A,3.772250916895164e-07,1.3184574320015034,35.92010207390842,1.3184574320015034,0.46774193548387094
10,L,15,S,0,0.078088,A,A,3.762473024808232e-07,,,,0.46774193548387094
22,A,27,A,0,0.077963,A,A,3.676167938799203e-07,,,,0.46774193548387094
11,S,24,A,0,0.077761,A,A,3.5404293978980616e-07,,,,0.46774193548387094
23,A,54,D,0,0.077318,A,A,3.258293497312534e-07,,,,0.46774193548387094
41,P,56,N,0,0.077151,A,A,3.1572632864516096e-07,18.849616388669563,26.28834816035424,18.849616388669563,0.464
31,S,54,D,0,0.077056,A,A,3.101048428404753e-07,32.62053270564415,22.944727215637137,22.944727215637137,0.4603174603174603
41,P,51,Y,0,0.07700900000000001,A,A,3.0735689357963817e-07,9.645451985262277,24.30230135192961,9.645451985262277,0.4566929133858268
11,S,22,A,0,0.07652,A,A,2.800307864822391e-07,,,,0.4566929133858268
19,P,57,S,0,0.074199,A,A,1.776918882761284e-07,,,,0.4566929133858268
15,S,16,A,0,0.073553,A,A,1.5594728704558757e-07,,,,0.4566929133858268
43,P,56,N,0,0.07291399999999999,A,A,1.3681735026215082e-07,17.71909278151679,26.418512410807693,17.71909278151679,0.453125
32,W,56,N,0,0.07219500000000001,A,A,1.178321207363394e-07,38.07094973861304,18.16431798884836,18.16431798884836,0.4496124031007752
48,T,51,Y,0,0.072186,A,A,1.1761028326335235e-07,2.662409998478822,34.0731816095885,2.662409998478822,0.45384615384615384
39,G,49,E,0,0.071791,A,A,1.0823589391510966e-07,8.291811502922627,28.389072862635018,8.291811502922627,0.45038167938931295
23,A,33,W,0,0.070997,A,A,9.139581965384534e-08,,,,0.45038167938931295
40,P,42,D,0,0.070525,A,A,8.254020995559164e-08,3.3720028173179224,28.899649928675604,3.3720028173179224,0.45454545454545453
14,A,27,A,0,0.070154,A,A,7.612995610217553e-08,,,,0.45454545454545453
9,V,57,S,0,0.07013899999999999,A,A,7.588047675528133e-08,,,,0.45454545454545453
47,V,57,S,0,0.070051,A,A,7.443162957450538e-08,13.85131997320111,31.589698479092835,13.85131997320111,0.45112781954887216
15,S,19,P,0,0.06998099999999999,A,A,7.329697384705385e-08,,,,0.45112781954887216
42,D,53,R,0,0.069457,A,A,6.528576149085075e-08,8.337810563931036,29.54307401067127,8.337810563931036,0.44776119402985076
9,V,23,A,0,0.069408,A,A,6.457853492316651e-08,,,,0.44776119402985076
9,V,21,L,0,0.068297,A,A,5.028594326918099e-08,,,,0.44776119402985076
30,S,38,M,0,0.067945,A,A,4.639385163223637e-08,14.559464722303497,18.91504853284812,14.559464722303497,0.4444444444444444
33,W,47,V,0,0.067803,A,A,4.4902267265436676e-08,24.189449869726264,27.86718365748502,24.189449869726264,0.4411764705882353
46,G,48,T,0,0.067802,A,A,4.4891918414252616e-08,3.1467397413831364,32.81943462340569,3.1467397413831364,0.44525547445255476
22,A,37,E,0,0.06715299999999999,A,A,3.861187462234628e-08,,,,0.44525547445255476
29,A,58,K,0,0.066937,A,A,3.67049400005712e-08,,,,0.44525547445255476
21,L,25,A,0,0.066871,A,A,3.6139474245120875e-08,,,,0.44525547445255476
45,L,52,K,0,0.066836,A,A,3.5842809895762767e-08,5.353287401214323,27.85275090543123,5.353287401214323,0.4420289855072464
34,A,46,G,0,0.06619900000000001,A,A,3.081396130759394e-08,22.82731252250251,31.991212434041945,22.82731252250251,0.43884892086330934
39,G,40,P,0,0.065666,A,A,2.7106250145313877e-08,1.3073599351364578,25.853119908436586,1.3073599351364578,0.44285714285714284
45,L,48,T,0,0.065617,A,A,2.67865236786594e-08,2.558597271944139,32.21184244963334,2.558597271944139,0.44680851063829785
16,A,40,P,0,0.065175,A,A,2.4052924230593827e-08,,,,0.44680851063829785
33,W,58,K,0,0.0649,A,A,2.2482199539182548e-08,37.689894945462505,13.545016795855219,13.545016795855219,0.44366197183098594
10,L,23,A,0,0.06477999999999999,A,A,2.182637021116322e-08,,,,0.44366197183098594
47,V,59,K,0,0.064775,A,A,2.1799423758540823e-08,8.395265332316782,32.42083017135743,8.395265332316782,0.4405594405594406
23,A,29,A,0,0.06371900000000001,A,A,1.6738258308815454e-08,,,,0.4405594405594406
29,A,37,E,0,0.063592,A,A,1.6207563910613518e-08,,,,0.4405594405594406
49,E,59,K,0,0.06354,A,A,1.5994708200765518e-08,6.847854116436766,35.347846638798245,6.847854116436766,0.4375
23,A,25,A,0,0.063445,A,A,1.5612369481343217e-08,,,,0.4375
35,H,51,Y,0,0.06329800000000001,A,A,1.5037058533609657e-08,26.73843215298908,19.690083341621488,19.690083341621488,0.43448275862068964
16,A,25,A,0,0.061598,A,A,9.64591813489845e-09,,,,0.43448275862068964
23,A,27,A,0,0.061486,A,A,9.36178729540095e-09,,,,0.43448275862068964
16,A,22,A,0,0.061466,A,A,9.311857215183942e-09,,,,0.43448275862068964
55,T,59,K,0,0.061107,A,A,8.455782387602204e-09,4.304322827112298,45.78125072559725,4.304322827112298,0.4383561643835616
33,W,54,D,0,0.060905,A,A,8.006164822862005e-09,28.483997086083267,18.420659977318948,18.420659977318948,0.43537414965986393
18,H,57,S,0,0.060620000000000014,A,A,7.408720153564286e-09,,,,0.43537414965986393
45,L,50,A,0,0.060363,A,A,6.9050413803437365e-09,4.506855777590403,36.15235635473849,4.506855777590403,0.4391891891891892
37,E,41,P,0,0.06022,A,A,6.638468537030171e-09,8.581790838746889,26.66552587143182,8.581790838746889,0.436241610738255
31,S,52,K,0,0.06011900000000001,A,A,6.455868201655694e-09,29.57902516987333,24.75948396069675,24.75948396069675,0.43333333333333335
13,V,42,D,0,0.059517,A,A,5.459042863407734e-09,,,,0.43333333333333335
24,A,34,A,0,0.059038,A,A,4.768339502743919e-09,,,,0.43333333333333335
10,L,13,V,0,0.058635,A,A,4.249949495300083e-09,,,,0.43333333333333335
18,H,26,S,0,0.058267,A,A,3.821998379940336e-09,,,,0.43333333333333335
43,P,59,K,0,0.058151,A,A,3.6954796279886445e-09,14.733390546646076,25.075407892993486,14.733390546646076,0.4304635761589404
36,V,40,P,0,0.05807100000000001,A,A,3.61046270015573e-09,9.66085399951785,24.96639903950908,9.66085399951785,0.4276315789473684
46,G,52,K,0,0.057695,A,A,3.2342643156702192e-09,6.092350203328762,29.12694261332624,6.092350203328762,0.42483660130718953
24,A,30,S,0,0.057628,A,A,3.171110637306162e-09,,,,0.42483660130718953
46,G,56,N,0,0.05667000000000001,A,A,2.382928874846007e-09,13.53009127833216,31.828854393458776,13.53009127833216,0.42207792207792205
11,S,56,N,0,0.05654,A,A,2.291024955466949e-09,,,,0.42207792207792205
23,A,51,Y,0,0.056391,A,A,2.189676910205753e-09,,,,0.42207792207792205
21,L,53,R,0,0.056365,A,A,2.1724175409462967e-09,,,,0.42207792207792205
35,H,47,V,0,0.056086,A,A,1.9948739045142288e-09,23.5330916370969,24.039144202737333,23.5330916370969,0.41935483870967744
18,H,55,T,0,0.056047,A,A,1.971141000063429e-09,,,,0.41935483870967744
32,W,51,Y,0,0.056002,A,A,1.9440775887240387e-09,30.484194626068117,21.762763909944898,21.762763909944898,0.4166666666666667
29,A,31,S,0,0.055428,A,A,1.6273980860187278e-09,,,,0.4166666666666667
31,S,49,E,0,0.055192999999999985,A,A,1.5119449342009832e-09,23.735439852676,28.400843050867337,23.735439852676,0.4140127388535032
30,S,35,H,0,0.054261,A,A,1.1240314398398445e-09,6.223166396618364,15.44338308143653,6.223166396618364,0.41139240506329117
26,S,53,R,0,0.053619000000000014,A,A,9.123561486411743e-10,,,,0.41139240506329117
14,A,40,P,0,0.053588,A,A,9.031260673955791e-10,,,,0.41139240506329117
16,A,21,L,0,0.053269,A,A,8.12990966541211e-10,,,,0.41139240506329117
13,V,31,S,0,0.053231,A,A,8.028221704876637e-10,,,,0.41139240506329117
46,G,58,K,0,0.052869000000000006,A,A,7.116306226149684e-10,15.172280250509484,30.896096501014497,15.172280250509484,0.4088050314465409
17,F,27,A,0,0.051982000000000014,A,A,5.268434709162537e-10,,,,0.4088050314465409
10,L,20,G,0,0.051341,A,A,4.2195077690036977e-10,,,,0.4088050314465409
15,S,25,A,0,0.050463,A,A,3.0923133024653137e-10,,,,0.4088050314465409
33,W,49,E,0,0.050311,A,A,2.9279635495373936e-10,18.820549035562166,24.63394391890994,18.820549035562166,0.40625
32,W,52,K,0,0.049562,A,A,2.22915860323318e-10,29.504407399573374,19.083203635658247,19.083203635658247,0.40372670807453415
29,A,36,V,0,0.04893,A,A,1.7626217419757454e-10,,,,0.40372670807453415
13,V,57,S,0,0.048749,A,A,1.6466337452067545e-10,,,,0.40372670807453415
10,L,55,T,0,0.048492,A,A,1.4939829427922196e-10,,,,0.40372670807453415
19,P,55,T,0,0.048048,A,A,1.2605956240396967e-10,,,,0.40372670807453415
10,L,21,L,0,0.047977,A,A,1.2265550644089998e-10,,,,0.40372670807453415
45,L,51,Y,0,0.047727,A,A,1.1133208993743712e-10,6.342870091685625,29.575560366627037,6.342870091685625,0.4012345679012346
39,G,59,K,0,0.04758,A,A,1.0513201708508471e-10,20.831133286501725,21.352371132967882,20.831133286501725,0.3987730061349693
20,G,53,R,0,0.047173,A,A,8.958739180806064e-11,,,,0.3987730061349693
54,D,56,N,0,0.046987,A,A,8.321461401597008e-11,2.428886782046457,44.33799360593576,2.428886782046457,0.4024390243902439
38,M,58,K,0,0.046932,A,A,8.14119020528562e-11,25.736418515403418,20.71037532252856,20.71037532252856,0.4
32,W,35,H,0,0.046911,A,A,8.073314772288737e-11,2.775088647232735,17.039749880793437,2.775088647232735,0.4036144578313253
40,P,48,T,0,0.046771,A,A,7.633982960077687e-11,11.503560535764567,22.237850278298037,11.503560535764567,0.40119760479041916
47,V,51,Y,0,0.045913,A,A,5.388664157605296e-11,2.7061123406096823,32.10020975009354,2.7061123406096823,0.40476190476190477
40,P,41,P,0,0.045487,A,A,4.5169267790544493e-11,1.304239625222295,28.004194507251942,1.304239625222295,0.40828402366863903
13,V,27,A,0,0.045381,A,A,4.321273954799895e-11,,,,0.40828402366863903
47,V,58,K,0,0.045325,A,A,4.2210998130491855e-11,12.169292050074239,33.31021376394934,12.169292050074239,0.40588235294117647
37,E,52,K,0,0.045085,A,A,3.815605084818274e-11,20.900204807608947,22.322992944495592,20.900204807608947,0.40350877192982454
46,G,51,Y,0,0.044912,A,A,3.545978108256717e-11,4.1629135230028504,30.458204444779735,4.1629135230028504,0.4069767441860465
17,F,35,H,0,0.0448,A,A,3.3809314447584524e-11,,,,0.4069767441860465
21,L,27,A,0,0.04448,A,A,2.947677932851802e-11,,,,0.4069767441860465
21,L,51,Y,0,0.044376,A,A,2.8183232739612576e-11,,,,0.4069767441860465
33,W,40,P,0,0.043852,A,A,2.2427602341552693e-11,13.615177340012874,24.148445519328984,13.615177340012874,0.4046242774566474
19,P,54,D,0,0.043633,A,A,2.0361601500847442e-11,,,,0.4046242774566474
40,P,59,K,0,0.04248,A,A,1.2098538520804318e-11,19.226607449053514,20.28728187806341,19.226607449053514,0.40229885057471265
12,G,21,L,0,0.042371,A,A,1.150546258651448e-11,,,,0.40229885057471265
43,P,49,E,0,0.042344,A,A,1.1362776885365744e-11,6.482758903429925,29.108435306625474,6.482758903429925,0.4
49,E,50,A,0,0.042327,A,A,1.1273780861685618e-11,1.3123387519996517,40.222126186963315,1.3123387519996517,0.4034090909090909
11,S,25,A,0,0.041315,A,A,7.001138334032762e-12,,,,0.4034090909090909
33,W,38,M,0,0.041153,A,A,6.47699107536965e-12,7.546467650497153,21.125509840001495,7.546467650497153,0.4011299435028249
34,A,55,T,0,0.040692,A,A,5.17787952035624e-12,31.73557631428804,19.107868771791374,19.107868771791374,0.398876404494382
42,D,49,E,0,0.040038,A,A,3.7453763787615585e-12,5.108952436654699,30.435924924339,5.108952436654699,0.39664804469273746
20,G,35,H,0,0.039755,A,A,3.247952704705416e-12,,,,0.39664804469273746
13,V,25,A,0,0.039685000000000005,A,A,3.1347672017020368e-12,,,,0.39664804469273746
18,H,23,A,0,0.039336,A,A,2.623140910143364e-12,,,,0.39664804469273746
15,S,22,A,0,0.039153,A,A,2.3870043276586723e-12,,,,0.39664804469273746
18,H,24,A,0,0.038806,A,A,1.99258460951626e-12,,,,0.39664804469273746
41,P,47,V,0,0.038711,A,A,1.895696136644169e-12,6.023631296817556,30.720212548092825,6.023631296817556,0.39444444444444443
25,A,32,W,0,0.038653,A,A,1.8387168850962813e-12,,,,0.39444444444444443
38,M,46,G,0,0.038361,A,A,1.5752763971848627e-12,10.839184747941145,30.566567373521025,10.839184747941145,0.39226519337016574
19,P,58,K,0,0.038253,A,A,1.4870764022231007e-12,,,,0.39226519337016574
19,P,27,A,0,0.037999,A,A,1.2974318132749566e-12,,,,0.39226519337016574
12,G,42,D,0,0.037598,A,A,1.043263101064591e-12,,,,0.39226519337016574
23,A,28,R,0,0.037124,A,A,8.027922671505513e-13,,,,0.39226519337016574
13,V,21,L,0,0.037015,A,A,7.553444079372099e-13,,,,0.39226519337016574
17,F,54,D,0,0.036078,A,A,4.42657147267873e-13,,,,0.39226519337016574
20,G,37,E,0,0.035953,A,A,4.1158917074358867e-13,,,,0.39226519337016574
12,G,25,A,0,0.03594,A,A,4.084776299059195e-13,,,,0.39226519337016574
40,P,52,K,0,0.035572,A,A,3.289826839375501e-13,14.811525613521384,20.900167032825358,14.811525613521384,0.3901098901098901
14,A,55,T,0,0.03505,A,A,2.406959287544511e-13,,,,0.3901098901098901
12,G,57,S,0,0.034443,A,A,1.6597736477726506e-13,,,,0.3901098901098901
10,L,19,P,0,0.034176,A,A,1.4053190586817986e-13,,,,0.3901098901098901
15,S,20,G,0,0.033710000000000004,A,A,1.0464485980153392e-13,,,,0.3901098901098901
22,A,25,A,0,0.033684,A,A,1.0292007578847954e-13,,,,0.3901098901098901
18,H,22,A,0,0.03337,A,A,8.408351247392484e-14,,,,0.3901098901098901
13,V,34,A,0,0.033107,A,A,7.084125517566762e-14,,,,0.3901098901098901
30,S,50,A,0,0.033047,A,A,6.810694256179121e-14,30.92288398581219,29.205007943844148,29.205007943844148,0.3879781420765027
26,S,36,V,0,0.032733,A,A,5.533701462594515e-14,,,,0.3879781420765027
23,A,58,K,0,0.032638,A,A,5.193916245834832e-14,,,,0.3879781420765027
36,V,51,Y,0,0.032324,A,A,4.2046543457006736e-14,23.44850796959158,21.641583213803926,21.641583213803926,0.3858695652173913
34,A,45,L,0,0.032283,A,A,4.0893710812144215e-14,21.16125641354974,30.637226392087126,21.16125641354974,0.3837837837837838
42,D,51,Y,0,0.031764999999999995,A,A,2.865831996422586e-14,9.689430169003748,25.202072454462947,9.689430169003748,0.3817204301075269
36,V,48,T,0,0.031607,A,A,2.5671696639828962e-14,21.85133419267574,24.996438726346597,21.85133419267574,0.37967914438502676
20,G,28,R,0,0.030706,A,A,1.3502183711745505e-14,,,,0.37967914438502676
35,H,53,R,0,0.030653,A,A,1.2990797034425597e-14,20.80097144366099,17.730739973278048,17.730739973278048,0.3776595744680851
20,G,54,D,0,0.030542000000000007,A,A,1.197806925308263e-14,,,,0.3776595744680851
32,W,34,A,0,0.029969,A,A,7.826375105711595e-15,3.4748267582715555,18.345943148282128,3.4748267582715555,0.38095238095238093
16,A,26,S,0,0.029663,A,A,6.206425355520454e-15,,,,0.38095238095238093
10,L,56,N,0,0.029033,A,A,3.809646057064403e-15,,,,0.38095238095238093
31,S,59,K,0,0.02899,A,A,3.682870905003162e-15,35.02403005080941,24.766373048954907,24.766373048954907,0.37894736842105264
23,A,37,E,0,0.0288,A,A,3.168687993367908e-15,,,,0.37894736842105264
33,W,45,L,0,0.028744,A,A,3.0305234887050662e-15,19.712892659373967,30.219586595451634,19.712892659373967,0.3769633507853403
10,L,51,Y,0,0.028284,A,A,2.0916188703354576e-15,,,,0.3769633507853403
11,S,20,G,0,0.028176,A,A,1.914921436698264e-15,,,,0.3769633507853403
15,S,53,R,0,0.028081,A,A,1.7711929811599067e-15,,,,0.3769633507853403
22,A,56,N,0,0.027699,A,A,1.2894499211762126e-15,,,,0.3769633507853403
53,R,54,D,0,0.027528,A,A,1.1164580705780307e-15,1.3010038431918631,42.44622100964937,1.3010038431918631,0.3802083333333333
48,T,58,K,0,0.027028,A,A,7.274625822510022e-16,12.387092556366886,34.28453197872184,12.387092556366886,0.37823834196891193
31,S,39,G,0,0.026776,A,A,5.837850804385874e-16,14.052565993440485,21.641189454371496,14.052565993440485,0.37628865979381443
10,L,18,H,0,0.025806,A,A,2.4356963952732263e-16,,,,0.37628865979381443
13,V,23,A,0,0.025396,A,A,1.660549733022565e-16,,,,0.37628865979381443
35,H,56,N,0,0.025305,A,A,1.5234512236955203e-16,34.65432294822682,15.238066904958774,15.238066904958774,0.37435897435897436
14,A,34,A,0,0.024861,A,A,9.944243160727524e-17,,,,0.37435897435897436
29,A,40,P,0,0.024732,A,A,8.768017198452726e-17,,,,0.37435897435897436
19,P,41,P,0,0.024339,A,A,5.941966216360378e-17,,,,0.37435897435897436
16,A,35,H,0,0.024097,A,A,4.6561576898661166e-17,,,,0.37435897435897436
25,A,58,K,0,0.023775,A,A,3.3485635655207536e-17,,,,0.37435897435897436
31,S,37,E,0,0.023618,A,A,2.845090850797306e-17,9.504612354010025,17.212643172970267,9.504612354010025,0.37244897959183676
32,W,49,E,0,0.023591,A,A,2.766066444675741e-17,22.27950297919592,23.147419964220635,22.27950297919592,0.37055837563451777
43,P,53,R,0,0.023234,A,A,1.8980408140682638e-17,8.349311169192344,29.002177814777983,8.349311169192344,0.3686868686868687
55,T,58,K,0,0.023091,A,A,1.6286762551548688e-17,5.564310738986455,46.346776651672336,5.564310738986455,0.36683417085427134
20,G,40,P,0,0.022884,A,A,1.302036770652875e-17,,,,0.36683417085427134
33,W,36,V,0,0.022326,A,A,7.023510733705531e-18,2.7730701397548576,20.414803305444803,2.7730701397548576,0.37
38,M,42,D,0,0.021904,A,A,4.342615751766101e-18,8.897178766328123,30.669280102408656,8.897178766328123,0.3681592039800995
10,L,42,D,0,0.021862,A,A,4.13689041552755e-18,,,,0.3681592039800995
9,V,16,A,0,0.021756,A,A,3.657932436151419e-18,,,,0.3681592039800995
18,H,35,H,0,0.021467,A,A,2.604624539835064e-18,,,,0.3681592039800995
31,S,57,S,0,0.021433,A,A,2.501600590458513e-18,41.097241330775475,21.474153510674174,21.474153510674174,0.36633663366336633
40,P,45,L,0,0.021361,A,A,2.2960328529967556e-18,7.377980550258993,27.272966926977343,7.377980550258993,0.3645320197044335
18,H,25,A,0,0.020905,A,A,1.3217510835579303e-18,,,,0.3645320197044335
26,S,51,Y,0,0.020824,A,A,1.1962295560762536e-18,,,,0.3645320197044335
16,A,29,A,0,0.020755000000000003,A,A,1.098299812459506e-18,,,,0.3645320197044335
54,D,59,K,0,0.020691,A,A,1.0143020324431514e-18,2.64395102072637,43.166956876759336,2.64395102072637,0.36764705882352944
53,R,59,K,0,0.020172,A,A,5.255004509759493e-19,4.4318562702326,41.533437011641595,4.4318562702326,0.37073170731707317
12,G,20,G,0,0.01957,A,A,2.380955171543119e-19,,,,0.37073170731707317
42,D,47,V,0,0.019244,A,A,1.5297426758209714e-19,3.7507104660317356,31.93706699119379,3.7507104660317356,0.3737864077669903
38,M,51,Y,0,0.019121,A,A,1.2912102390851256e-19,14.72997372706415,22.11153848107363,14.72997372706415,0.3719806763285024
46,G,47,V,0,0.018997,A,A,1.0867668852191823e-19,1.3141274671811707,36.97361310448304,1.3141274671811707,0.375
17,F,22,A,0,0.018987,A,A,1.0716943553497782e-19,,,,0.375
14,A,35,H,0,0.018981,A,A,1.0627463738513591e-19,,,,0.375
39,G,42,D,0,0.018938,A,A,1.0006649759075456e-19,6.264159081632586,31.219822180787638,6.264159081632586,0.37320574162679426
24,A,36,V,0,0.018337,A,A,4.231203637527451e-20,,,,0.37320574162679426
15,S,34,A,0,0.018325,A,A,4.1575242558541446e-20,,,,0.37320574162679426
14,A,21,L,0,0.018309,A,A,4.061180557672034e-20,,,,0.37320574162679426
11,S,35,H,0,0.018029,A,A,2.6824184185655286e-20,,,,0.37320574162679426
15,S,57,S,0,0.018009999999999998,A,A,2.6071710826947987e-20,,,,0.37320574162679426
15,S,28,R,0,0.018000000000000002,A,A,2.5683778356681375e-20,,,,0.37320574162679426
9,V,26,S,0,0.01766,A,A,1.532522668234723e-20,,,,0.37320574162679426
10,L,24,A,0,0.017659,A,A,1.5301673639274717e-20,,,,0.37320574162679426
11,S,18,H,0,0.01747,A,A,1.1417913907514699e-20,,,,0.37320574162679426
40,P,55,T,0,0.01739,A,A,1.0074345512845846e-20,20.401982673259965,23.683301501268783,20.401982673259965,0.37142857142857144
30,S,54,D,0,0.017109,A,A,6.4504955223004686e-21,34.636566010503984,25.1380289004528,25.1380289004528,0.3696682464454976
13,V,43,P,0,0.016846,A,A,4.212427845239182e-21,,,,0.3696682464454976
34,A,54,D,0,0.016831,A,A,4.110200423101598e-21,29.306631621528943,23.523319323598873,23.523319323598873,0.36792452830188677
20,G,30,S,0,0.016791,A,A,3.849015877298499e-21,,,,0.36792452830188677
40,P,44,I,0,0.016718,A,A,3.412569744105438e-21,8.884012888329238,26.51863610746224,8.884012888329238,0.36619718309859156
34,A,38,M,0,0.016488,A,A,2.324961477765227e-21,6.579660249587359,20.6514449857631,6.579660249587359,0.3644859813084112
31,S,50,A,0,0.016125,A,A,1.250412875189204e-21,28.612844475864332,27.46768707044697,27.46768707044697,0.3627906976744186
9,V,24,A,0,0.016124,A,A,1.248246655732066e-21,,,,0.3627906976744186
17,F,56,N,0,0.016112,A,A,1.2225294085373885e-21,,,,0.3627906976744186
17,F,24,A,0,0.016044,A,A,1.086072564048275e-21,,,,0.3627906976744186
52,K,56,N,0,0.015812,A,A,7.216336866176559e-22,6.887107447978435,37.67586927995159,6.887107447978435,0.3611111111111111
18,H,30,S,0,0.015327,A,A,2.9914306700049117e-22,,,,0.3611111111111111
20,G,31,S,0,0.015159,A,A,2.1862107908102456e-22,,,,0.3611111111111111
42,D,54,D,0,0.015055,A,A,1.796356421931713e-22,14.585829390199235,27.879385090062517,14.585829390199235,0.35944700460829493
9,V,29,A,0,0.015044,A,A,1.75924126290244e-22,,,,0.35944700460829493
14,A,56,N,0,0.014986,A,A,1.5753363309159695e-22,,,,0.35944700460829493
41,P,58,K,0,0.014637,A,A,8.009851965266862e-23,20.649255095523415,24.874101129488075,20.649255095523415,0.3577981651376147
11,S,51,Y,0,0.014392,A,A,4.919203746560847e-23,,,,0.3577981651376147
14,A,20,G,0,0.014297,A,A,4.0600132565292926e-23,,,,0.3577981651376147
27,A,40,P,0,0.014052,A,A,2.455591760543216e-23,,,,0.3577981651376147
11,S,29,A,0,0.013352,A,A,5.4693196606502735e-24,,,,0.3577981651376147
22,A,58,K,0,0.013232,A,A,4.1846912251988974e-24,,,,0.3577981651376147
37,E,58,K,0,0.013102,A,A,3.1199833298028433e-24,31.999807843173055,17.55122636740806,17.55122636740806,0.3561643835616438
17,F,36,V,0,0.012941,A,A,2.1574689940318945e-24,,,,0.3561643835616438
11,S,16,A,0,0.012729,A,A,1.3152542550475956e-24,,,,0.3561643835616438
32,W,50,A,0,0.012717,A,A,1.2785135442365496e-24,27.744586102517367,22.768596355506855,22.768596355506855,0.35454545454545455
26,S,49,E,0,0.012514,A,A,7.875073886171907e-25,,,,0.35454545454545455
14,A,23,A,0,0.012476,A,A,7.184056461588603e-25,,,,0.35454545454545455
38,M,44,I,0,0.012406,A,A,6.060178051127223e-25,14.536236995866572,28.052386725553315,14.536236995866572,0.35294117647058826
37,E,51,Y,0,0.012285,A,A,4.5029135874014725e-25,20.80049126823691,18.389205012724176,18.389205012724176,0.35135135135135137
34,A,36,V,0,0.010933,A,A,1.2327727554099306e-26,2.962584851105533,17.408025390606483,2.962584851105533,0.3542600896860987
19,P,28,R,0,0.010933,A,A,1.2327727554099306e-26,,,,0.3542600896860987
50,A,57,S,0,0.01086,A,A,9.988892003566346e-27,10.710112324340956,35.346480687615845,10.710112324340956,0.35267857142857145
38,M,40,P,0,0.010692,A,A,6.1126839788971255e-27,3.862707470156134,25.888516064077518,3.862707470156134,0.35555555555555557
36,V,45,L,0,0.010567,A,A,4.214409937587889e-27,16.349131903559893,30.027274718162484,16.349131903559893,0.35398230088495575
12,G,55,T,0,0.010331,A,A,2.056240752171367e-27,,,,0.35398230088495575
45,L,59,K,0,0.010188,A,A,1.3175612757998809e-27,11.742565350041703,29.543828492597235,11.742565350041703,0.3524229074889868
17,F,38,M,0,0.009732,A,A,3.016451123698136e-28,,,,0.3524229074889868
23,A,57,S,0,0.009701,A,A,2.7201125140004523e-28,,,,0.3524229074889868
32,W,54,D,0,0.009645,A,A,2.2542170068960307e-28,32.47913842761227,18.32369433274851,18.32369433274851,0.3508771929824561
34,A,56,N,0,0.009611,A,A,2.0098508302421245e-28,34.602126365297266,21.91823398451618,21.91823398451618,0.34934497816593885
34,A,50,A,0,0.009478,A,A,1.2766127625315745e-28,24.86336003037401,28.455986962324822,24.86336003037401,0.34782608695652173
9,V,34,A,0,0.009176,A,A,4.417321490983864e-29,,,,0.34782608695652173
15,S,40,P,0,0.009078,A,A,3.1005866662426366e-29,,,,0.34782608695652173
31,S,43,P,0,0.008925,A,A,1.7668854590396023e-29,25.62865673421063,26.679178660521014,25.62865673421063,0.3463203463203463
36,V,44,I,0,0.008093000000000001,A,A,6.600909178802294e-31,19.855954749142636,27.99061233699613,19.855954749142636,0.3448275862068966
33,W,51,Y,0,0.008034,A,A,5.145000199191308e-31,26.59883029383059,22.125165694294815,22.125165694294815,0.34334763948497854
16,A,58,K,0,0.007849,A,A,2.3198712706293447e-31,,,,0.34334763948497854
52,K,54,D,0,0.007739,A,A,1.4285093135751836e-31,2.938371828070779,40.00092645177109,2.938371828070779,0.34615384615384615
37,E,59,K,0,0.007667,A,A,1.0351453095437169e-31,26.00365889639379,17.76428329542174,17.76428329542174,0.3446808510638298
15,S,59,K,0,0.007642,A,A,9.247938256230854e-32,,,,0.3446808510638298
47,V,52,K,0,0.0076180000000000015,A,A,8.295780283369511e-32,4.705008076507417,29.846528910411003,4.705008076507417,0.3474576271186441
51,Y,55,T,0,0.007532,A,A,5.600455320013688e-32,5.09499842983292,40.36200130072839,5.09499842983292,0.3459915611814346
34,A,59,K,0,0.007476000000000002,A,A,4.3230802525091095e-32,32.12997371614238,22.406078505619856,22.406078505619856,0.3445378151260504
10,L,43,P,0,0.0074709999999999985,A,A,4.2238020649588215e-32,,,,0.3445378151260504
40,P,56,N,0,0.00713,A,A,8.258621914512969e-33,22.38657193497924,22.40169359669041,22.38657193497924,0.34309623430962344
24,A,39,G,0,0.007091,A,A,6.809937825983416e-33,,,,0.34309623430962344
33,W,56,N,0,0.00685,A,A,2.0064109423050244e-33,34.00316839648917,17.28621763139641,17.28621763139641,0.3416666666666667
37,E,46,G,0,0.006751000000000001,A,A,1.1956456362255405e-33,15.304339319291117,26.23853261903188,15.304339319291117,0.34024896265560167
33,W,57,S,0,0.006749,A,A,1.183091636083672e-33,37.07549635540973,15.197615076057167,15.197615076057167,0.33884297520661155
36,V,58,K,0,0.006609,A,A,5.595699641871283e-34,34.792624649485695,15.410051460004928,15.410051460004928,0.3374485596707819
36,V,47,V,0,0.006538,A,A,3.798832602016705e-34,20.29487861505951,26.791268223061035,20.29487861505951,0.3360655737704918
16,A,51,Y,0,0.006370000000000001,A,A,1.4873721453129485e-34,,,,0.3360655737704918
28,R,40,P,0,0.005711,A,A,2.7273886836403727e-36,,,,0.3360655737704918
41,P,55,T,0,0.005686999999999999,A,A,2.332706727948599e-36,16.88577419012821,27.602978697959394,16.88577419012821,0.3346938775510204
31,S,40,P,0,0.004686999999999999,A,A,1.503354157928514e-39,17.62773306469099,20.52254375071473,17.62773306469099,0.3333333333333333
29,A,39,G,0,0.004372999999999999,A,A,9.953873368808586e-41,,,,0.3333333333333333
18,H,29,A,0,0.004091,A,A,7.033249570375207e-42,,,,0.3333333333333333
26,S,32,W,0,0.003912,A,A,1.1619121525596636e-42,,,,0.3333333333333333
21,L,34,A,0,0.003767,A,A,2.5063772844806473e-43,,,,0.3333333333333333
51,Y,59,K,0,0.003565,A,A,2.61328626388168e-44,2.615441454133508,38.28801762954045,2.615441454133508,0.3360323886639676
38,M,45,L,0,0.003197,A,A,2.7664875018820758e-46,10.140564579943268,29.68538456884128,10.140564579943268,0.3346774193548387
37,E,50,A,0,0.003071,A,A,5.028313580271176e-47,18.06578448338184,25.339090492754472,18.06578448338184,0.3333333333333333
26,S,58,K,0,0.003003,A,A,1.9335995963084916e-47,,,,0.3333333333333333
27,A,58,K,0,0.00288,A,A,3.206208875601011e-48,,,,0.3333333333333333
45,L,58,K,0,0.00272,A,A,2.6826920990856245e-49,16.962601009279208,27.963811936143472,16.962601009279208,0.332
11,S,58,K,0,0.002682,A,A,1.450265727849958e-49,,,,0.332
12,G,26,S,0,0.0023120000000000003,A,A,1.9795372849226814e-52,,,,0.332
21,L,42,D,0,0.002274,A,A,9.364453665180112e-53,,,,0.332
10,L,31,S,0,0.001998,A,A,2.4949431998303742e-55,,,,0.332
23,A,40,P,0,0.001471,A,A,1.1182893498460646e-61,,,,0.332
35,H,55,T,0,0.001326,A,A,6.534815781366007e-64,32.244593376254564,12.783125791448658,12.783125791448658,0.33067729083665337
22,A,35,H,0,0.001322,A,A,5.6181859252836724e-64,,,,0.33067729083665337
31,S,45,L,0,0.001157,A,A,6.580682946877783e-67,23.562683909096602,31.95199491424596,23.562683909096602,0.32936507936507936
48,T,50,A,0,0.000634,A,A,5.522718369572691e-81,3.113882785205634,37.587194335305206,3.113882785205634,0.33201581027667987
16,A,37,E,0,0.000529,A,A,1.7097188372669604e-85,,,,0.33201581027667987
32,W,43,P,0,0.000336,A,A,2.373186758340349e-97,24.11808622175483,27.873374445875765,24.11808622175483,0.33070866141732286
30,S,49,E,0,0.00016,A,A,1.9340875151303698e-118,26.356462376426773,29.76078664954944,26.356462376426773,0.32941176470588235
9,V,22,A,0,1.8e-05,A,A,7.791667271614048e-193,,,,0.32941176470588235
15,S,51,Y,0,-0.000443,A,A,0.0,,,,0.32941176470588235
16,A,24,A,0,-0.000567,A,A,0.0,,,,0.32941176470588235
38,M,55,T,0,-0.0006219999999999999,A,A,0.0,19.916222884874536,22.411354309813586,19.916222884874536,0.328125
9,V,28,R,0,-0.000947,A,A,0.0,,,,0.328125
42,D,50,A,0,-0.000983,A,A,0.0,8.002516166806538,31.773599119394706,8.002516166806538,0.32684824902723736
28,R,59,K,0,-0.001118,A,A,0.0,,,,0.32684824902723736
23,A,59,K,0,-0.001577,A,A,0.0,,,,0.32684824902723736
15,S,31,S,0,-0.001629,A,A,0.0,,,,0.32684824902723736
10,L,59,K,0,-0.001697,A,A,0.0,,,,0.32684824902723736
30,S,57,S,0,-0.001876,A,A,0.0,42.952764311508524,24.349179554966536,24.349179554966536,0.32558139534883723
25,A,31,S,0,-0.002032,A,A,0.0,,,,0.32558139534883723
24,A,50,A,0,-0.002048,A,A,0.0,,,,0.32558139534883723
25,A,37,E,0,-0.002303,A,A,0.0,,,,0.32558139534883723
27,A,59,K,0,-0.002598,A,A,0.0,,,,0.32558139534883723
44,I,53,R,0,-0.002875,A,A,0.0,8.5595664025697,30.66646986531055,8.5595664025697,0.32432432432432434
22,A,40,P,0,-0.002877,A,A,0.0,,,,0.32432432432432434
11,S,34,A,0,-0.003015,A,A,0.0,,,,0.32432432432432434
38,M,48,T,0,-0.003455,A,A,0.0,14.144776032161133,24.608227181168495,14.144776032161133,0.3230769230769231
21,L,40,P,0,-0.003457,A,A,0.0,,,,0.3230769230769231
42,D,52,K,0,-0.003754,A,A,0.0,10.33496690851016,23.62952741804203,10.33496690851016,0.3218390804597701
18,H,53,R,0,-0.00395,A,A,0.0,,,,0.3218390804597701
32,W,36,V,0,-0.003957,A,A,0.0,4.873594771829108,21.076631253594584,4.873594771829108,0.3244274809160305
15,S,38,M,0,-0.004497,A,A,0.0,,,,0.3244274809160305
12,G,31,S,0,-0.004564,A,A,0.0,,,,0.3244274809160305
25,A,59,K,0,-0.005145,A,A,0.0,,,,0.3244274809160305
12,G,59,K,0,-0.005312,A,A,0.0,,,,0.3244274809160305
27,A,32,W,0,-0.005629,A,A,0.0,,,,0.3244274809160305
35,H,59,K,0,-0.005879,A,A,0.0,31.86051090299715,17.232866418561947,17.232866418561947,0.3231939163498099
9,V,59,K,0,-0.006149,A,A,0.0,,,,0.3231939163498099
17,F,31,S,0,-0.006963,A,A,0.0,,,,0.3231939163498099
12,G,29,A,0,-0.006967,A,A,0.0,,,,0.3231939163498099
15,S,32,W,0,-0.006993000000000001,A,A,0.0,,,,0.3231939163498099
37,E,57,S,0,-0.006999999999999999,A,A,0.0,31.992889022406217,18.212639155267976,18.212639155267976,0.32196969696969696
16,A,42,D,0,-0.007223,A,A,0.0,,,,0.32196969696969696
53,R,57,S,0,-0.007301999999999999,A,A,0.0,8.8790076585168,36.496389533760734,8.8790076585168,0.32075471698113206
9,V,38,M,0,-0.007429000000000002,A,A,0.0,,,,0.32075471698113206
36,V,59,K,0,-0.007562,A,A,0.0,28.342737023795003,19.576217739900628,19.576217739900628,0.31954887218045114
23,A,32,W,0,-0.008072,A,A,0.0,,,,0.31954887218045114
14,A,42,D,0,-0.008187,A,A,0.0,,,,0.31954887218045114
40,P,43,P,0,-0.008307,A,A,0.0,5.858645577264426,28.07657876237772,5.858645577264426,0.31835205992509363
18,H,28,R,0,-0.008573,A,A,0.0,,,,0.31835205992509363
15,S,27,A,0,-0.008706,A,A,0.0,,,,0.31835205992509363
17,F,23,A,0,-0.008754999999999999,A,A,0.0,,,,0.31835205992509363
10,L,33,W,0,-0.008958,A,A,0.0,,,,0.31835205992509363
28,R,55,T,0,-0.009059,A,A,0.0,,,,0.31835205992509363
40,P,51,Y,0,-0.00938,A,A,0.0,13.292149976583923,19.883631006433408,13.292149976583923,0.31716417910447764
19,P,40,P,0,-0.009542,A,A,0.0,,,,0.31716417910447764
18,H,34,A,0,-0.00976,A,A,0.0,,,,0.31716417910447764
20,G,36,V,0,-0.009789,A,A,0.0,,,,0.31716417910447764
54,D,57,S,0,-0.00979,A,A,0.0,4.915088910691242,41.93005009536717,4.915088910691242,0.31970260223048325
49,E,54,D,0,-0.010445,A,A,0.0,5.211260979839717,38.21370670322366,5.211260979839717,0.31851851851851853
20,G,29,A,0,-0.010624,A,A,0.0,,,,0.31851851851851853
28,R,41,P,0,-0.010815,A,A,0.0,,,,0.31851851851851853
21,L,31,S,0,-0.010906,A,A,0.0,,,,0.31851851851851853
25,A,38,M,0,-0.010958,A,A,0.0,,,,0.31851851851851853
27,A,34,A,0,-0.011064,A,A,0.0,,,,0.31851851851851853
22,A,31,S,0,-0.011089,A,A,0.0,,,,0.31851851851851853
38,M,57,S,0,-0.011295,A,A,0.0,25.41430953223007,21.60504121727149,21.60504121727149,0.3173431734317343
51,Y,52,K,0,-0.011676,A,A,0.0,1.3128568086428953,36.09537969048116,1.3128568086428953,0.31985294117647056
39,G,44,I,0,-0.012139,A,A,0.0,11.919323177093569,28.788385088434534,11.919323177093569,0.31868131868131866
48,T,59,K,0,-0.012561,A,A,0.0,6.885918457257534,33.99372420021084,6.885918457257534,0.3175182481751825
50,A,59,K,0,-0.012747,A,A,0.0,5.64424707113358,36.53399854929652,5.64424707113358,0.31636363636363635
12,G,27,A,0,-0.013000000000000001,A,A,0.0,,,,0.31636363636363635
16,A,55,T,0,-0.013246,A,A,0.0,,,,0.31636363636363635
35,H,44,I,0,-0.013249,A,A,0.0,22.911543509768173,25.784385313596285,22.911543509768173,0.31521739130434784
32,W,39,G,0,-0.013387,A,A,0.0,13.946973506822188,22.467436280092127,13.946973506822188,0.3140794223826715
27,A,46,G,0,-0.013519,A,A,0.0,,,,0.3140794223826715
12,G,33,W,0,-0.013601,A,A,0.0,,,,0.3140794223826715
15,S,55,T,0,-0.013652,A,A,0.0,,,,0.3140794223826715
26,S,34,A,0,-0.013841,A,A,0.0,,,,0.3140794223826715
16,A,59,K,0,-0.014037,A,A,0.0,,,,0.3140794223826715
17,F,26,S,0,-0.014376,A,A,0.0,,,,0.3140794223826715
51,Y,54,D,0,-0.014582,A,A,0.0,2.744389549608436,41.06427537410102,2.744389549608436,0.31654676258992803
27,A,37,E,0,-0.014755,A,A,0.0,,,,0.31654676258992803
30,S,31,S,0,-0.015085,A,A,0.0,1.3104628953160025,22.46579455527892,1.3104628953160025,0.31899641577060933
18,H,59,K,0,-0.015191,A,A,0.0,,,,0.31899641577060933
28,R,30,S,0,-0.015263,A,A,0.0,,,,0.31899641577060933
15,S,39,G,0,-0.015364,A,A,0.0,,,,0.31899641577060933
42,D,48,T,0,-0.015428,A,A,0.0,6.360814491871304,28.01397481615203,6.360814491871304,0.31785714285714284
12,G,53,R,0,-0.015504,A,A,0.0,,,,0.31785714285714284
55,T,57,S,0,-0.015763,A,A,0.0,3.0422504827840835,45.35747809347429,3.0422504827840835,0.3202846975088968
17,F,30,S,0,-0.015883,A,A,0.0,,,,0.3202846975088968
25,A,40,P,0,-0.016049,A,A,0.0,,,,0.3202846975088968
31,S,44,I,0,-0.016413,A,A,0.0,28.011388433992334,30.305466338599707,28.011388433992334,0.3191489361702128
14,A,24,A,0,-0.016836,A,A,0.0,,,,0.3191489361702128
10,L,57,S,0,-0.016978999999999998,A,A,0.0,,,,0.3191489361702128
56,N,59,K,0,-0.017327000000000002,A,A,0.0,2.703636255120137,45.00531428620402,2.703636255120137,0.3215547703180212
15,S,48,T,0,-0.017355000000000002,A,A,0.0,,,,0.3215547703180212
12,G,30,S,0,-0.017363999999999997,A,A,0.0,,,,0.3215547703180212
12,G,54,D,0,-0.017558,A,A,0.0,,,,0.3215547703180212
14,A,59,K,0,-0.01775,A,A,0.0,,,,0.3215547703180212
36,V,55,T,0,-0.018102,A,A,0.0,28.711767639767494,17.200430750420175,17.200430750420175,0.3204225352112676
45,L,55,T,0,-0.018335,A,A,0.0,13.906397017200387,31.208797013021826,13.906397017200387,0.3192982456140351
32,W,41,P,0,-0.018525,A,A,0.0,20.262541301623543,22.501675182083666,20.262541301623543,0.3181818181818182
46,G,59,K,0,-0.018547,A,A,0.0,10.7265650140201,30.740763344458447,10.7265650140201,0.3170731707317073
13,V,32,W,0,-0.018597,A,A,0.0,,,,0.3170731707317073
19,P,30,S,0,-0.018655,A,A,0.0,,,,0.3170731707317073
28,R,56,N,0,-0.019273,A,A,0.0,,,,0.3170731707317073
32,W,58,K,0,-0.019372,A,A,0.0,41.64991843929589,16.186767589608493,16.186767589608493,0.3159722222222222
13,V,30,S,0,-0.019713,A,A,0.0,,,,0.3159722222222222
9,V,37,E,0,-0.019966,A,A,0.0,,,,0.3159722222222222
22,A,30,S,0,-0.020071,A,A,0.0,,,,0.3159722222222222
14,A,57,S,0,-0.020154,A,A,0.0,,,,0.3159722222222222
15,S,54,D,0,-0.020297,A,A,0.0,,,,0.3159722222222222
13,V,37,E,0,-0.020392,A,A,0.0,,,,0.3159722222222222
22,A,42,D,0,-0.020499,A,A,0.0,,,,0.3159722222222222
35,H,54,D,0,-0.020542,A,A,0.0,29.22414469236012,17.10951565649945,17.10951565649945,0.314878892733564
36,V,37,E,0,-0.021076,A,A,0.0,1.3047256416580444,18.889450124341895,1.3047256416580444,0.31724137931034485
19,P,35,H,0,-0.021183,A,A,0.0,,,,0.31724137931034485
24,A,59,K,0,-0.021239,A,A,0.0,,,,0.31724137931034485
11,S,55,T,0,-0.021348,A,A,0.0,,,,0.31724137931034485
12,G,24,A,0,-0.021459,A,A,0.0,,,,0.31724137931034485
44,I,51,Y,0,-0.021524,A,A,0.0,7.442354264612775,27.22458921636835,7.442354264612775,0.3161512027491409
19,P,59,K,0,-0.021629,A,A,0.0,,,,0.3161512027491409
29,A,51,Y,0,-0.021733,A,A,0.0,,,,0.3161512027491409
41,P,54,D,0,-0.021862,A,A,0.0,13.578047981944971,28.075507653469064,13.578047981944971,0.3150684931506849
29,A,50,A,0,-0.022019,A,A,0.0,,,,0.3150684931506849
14,A,26,S,0,-0.022271,A,A,0.0,,,,0.3150684931506849
16,A,57,S,0,-0.022589,A,A,0.0,,,,0.3150684931506849
20,G,59,K,0,-0.022724,A,A,0.0,,,,0.3150684931506849
36,V,41,P,0,-0.022903,A,A,0.0,12.441703942788545,28.822509762336793,12.441703942788545,0.31399317406143346
24,A,32,W,0,-0.023418,A,A,0.0,,,,0.31399317406143346
29,A,32,W,0,-0.023432,A,A,0.0,,,,0.31399317406143346
24,A,38,M,0,-0.023636,A,A,0.0,,,,0.31399317406143346
36,V,38,M,0,-0.023732,A,A,0.0,3.7339880824662566,23.23282154625219,3.7339880824662566,0.3163265306122449
32,W,53,R,0,-0.023737,A,A,0.0,23.89472295298692,17.734742851251045,17.734742851251045,0.3152542372881356
11,S,59,K,0,-0.023757,A,A,0.0,,,,0.3152542372881356
10,L,47,V,0,-0.023757,A,A,0.0,,,,0.3152542372881356
26,S,37,E,0,-0.023815,A,A,0.0,,,,0.3152542372881356
20,G,58,K,0,-0.023991,A,A,0.0,,,,0.3152542372881356
40,P,49,E,0,-0.024346,A,A,0.0,6.941034000781153,25.89292619616408,6.941034000781153,0.3141891891891892
41,P,59,K,0,-0.024418,A,A,0.0,15.618995262179958,24.846265594652248,15.618995262179958,0.31313131313131315
23,A,47,V,0,-0.025254,A,A,0.0,,,,0.31313131313131315
9,V,33,W,0,-0.025278,A,A,0.0,,,,0.31313131313131315
13,V,59,K,0,-0.025453,A,A,0.0,,,,0.31313131313131315
22,A,59,K,0,-0.025585,A,A,0.0,,,,0.31313131313131315
9,V,42,D,0,-0.025601,A,A,0.0,,,,0.31313131313131315
13,V,51,Y,0,-0.025654000000000003,A,A,0.0,,,,0.31313131313131315
33,W,59,K,0,-0.025746,A,A,0.0,30.983071377770155,19.35554837766164,19.35554837766164,0.31208053691275167
52,K,59,K,0,-0.026177,A,A,0.0,2.7351204726666074,37.24811239512682,2.7351204726666074,0.31438127090301005
10,L,29,A,0,-0.026644,A,A,0.0,,,,0.31438127090301005
27,A,33,W,0,-0.027327,A,A,0.0,,,,0.31438127090301005
30,S,43,P,0,-0.027659,A,A,0.0,28.718842978086702,24.039691740952087,24.039691740952087,0.31333333333333335
9,V,30,S,0,-0.027739,A,A,0.0,,,,0.31333333333333335
22,A,54,D,0,-0.027841,A,A,0.0,,,,0.31333333333333335
49,E,56,N,0,-0.027875,A,A,0.0,10.693984336999934,36.29366936533147,10.693984336999934,0.3122923588039867
11,S,42,D,0,-0.028277,A,A,0.0,,,,0.3122923588039867
15,S,49,E,0,-0.028413,A,A,0.0,,,,0.3122923588039867
10,L,54,D,0,-0.02856,A,A,0.0,,,,0.3122923588039867
38,M,54,D,0,-0.02885,A,A,0.0,16.83889096704412,26.47802503964373,16.83889096704412,0.31125827814569534
11,S,53,R,0,-0.029327,A,A,0.0,,,,0.31125827814569534
26,S,59,K,0,-0.029471,A,A,0.0,,,,0.31125827814569534
26,S,57,S,0,-0.029484,A,A,0.0,,,,0.31125827814569534
20,G,27,A,0,-0.029527,A,A,0.0,,,,0.31125827814569534
27,A,35,H,0,-0.029586,A,A,0.0,,,,0.31125827814569534
19,P,26,S,0,-0.029841000000000006,A,A,0.0,,,,0.31125827814569534
30,S,59,K,0,-0.029862,A,A,0.0,37.484353655892214,26.808592279342083,26.808592279342083,0.3102310231023102
13,V,47,V,0,-0.030003,A,A,0.0,,,,0.3102310231023102
15,S,35,H,0,-0.030061,A,A,0.0,,,,0.3102310231023102
45,L,54,D,0,-0.03017,A,A,0.0,10.490640924176173,32.27473547529089,10.490640924176173,0.3092105263157895
16,A,48,T,0,-0.030304,A,A,0.0,,,,0.3092105263157895
37,E,45,L,0,-0.030369,A,A,0.0,14.115729736715704,25.5551402657078,14.115729736715704,0.3081967213114754
26,S,54,D,0,-0.030777,A,A,0.0,,,,0.3081967213114754
23,A,34,A,0,-0.030975,A,A,0.0,,,,0.3081967213114754
19,P,42,D,0,-0.030999,A,A,0.0,,,,0.3081967213114754
30,S,55,T,0,-0.031347,A,A,0.0,36.40647987652748,21.041426995334707,21.041426995334707,0.30718954248366015
14,A,31,S,0,-0.031573000000000004,A,A,0.0,,,,0.30718954248366015
37,E,54,D,0,-0.03175,A,A,0.0,23.517587354998813,21.7114848409776,21.7114848409776,0.30618892508143325
9,V,25,A,0,-0.031956,A,A,0.0,,,,0.30618892508143325
37,E,40,P,0,-0.032152,A,A,0.0,5.392652223164404,22.19437005188478,5.392652223164404,0.3051948051948052
29,A,54,D,0,-0.032536,A,A,0.0,,,,0.3051948051948052
30,S,47,V,0,-0.032764,A,A,0.0,31.772508163505126,31.405845618292147,31.405845618292147,0.3042071197411003
17,F,34,A,0,-0.032887,A,A,0.0,,,,0.3042071197411003
41,P,45,L,0,-0.032938,A,A,0.0,4.910847890130583,31.487118254930852,4.910847890130583,0.3064516129032258
37,E,47,V,0,-0.033575,A,A,0.0,17.644245124119085,23.086149354104073,17.644245124119085,0.3054662379421222
26,S,40,P,0,-0.033654,A,A,0.0,,,,0.3054662379421222
33,W,43,P,0,-0.033675,A,A,0.0,21.17675003394053,30.235104497917646,21.17675003394053,0.30448717948717946
33,W,53,R,0,-0.033774,A,A,0.0,19.986793889966446,18.75868716088629,18.75868716088629,0.3035143769968051
26,S,55,T,0,-0.033809,A,A,0.0,,,,0.3035143769968051
29,A,59,K,0,-0.033839999999999995,A,A,0.0,,,,0.3035143769968051
24,A,31,S,0,-0.033862,A,A,0.0,,,,0.3035143769968051
18,H,42,D,0,-0.033891000000000004,A,A,0.0,,,,0.3035143769968051
48,T,55,T,0,-0.034399,A,A,0.0,9.705770242489768,35.36747983670875,9.705770242489768,0.30254777070063693
40,P,57,S,0,-0.034422,A,A,0.0,25.13459237783657,19.657922728508222,19.657922728508222,0.30158730158730157
50,A,54,D,0,-0.034939,A,A,0.0,2.8613951142755494,39.429025019647646,2.8613951142755494,0.3037974683544304
23,A,56,N,0,-0.035086,A,A,0.0,,,,0.3037974683544304
44,I,55,T,0,-0.035242,A,A,0.0,15.206093416785254,28.62225502995877,15.206093416785254,0.3028391167192429
37,E,48,T,0,-0.035454,A,A,0.0,19.568910930350725,20.63587279472327,19.568910930350725,0.3018867924528302
35,H,46,G,0,-0.035725,A,A,0.0,21.256670999947286,27.308167532809666,21.256670999947286,0.30094043887147337
32,W,40,P,0,-0.035996,A,A,0.0,17.103274686445282,23.025284971092105,17.103274686445282,0.3
21,L,33,W,0,-0.036000000000000004,A,A,0.0,,,,0.3
36,V,42,D,0,-0.036036,A,A,0.0,14.619216839489045,30.634284502824606,14.619216839489045,0.29906542056074764
41,P,42,D,0,-0.036149,A,A,0.0,1.3134534632030181,32.55643464816134,1.3134534632030181,0.30124223602484473
16,A,28,R,0,-0.036465,A,A,0.0,,,,0.30124223602484473
45,L,53,R,0,-0.036987,A,A,0.0,6.191737801296173,33.8787439111901,6.191737801296173,0.30030959752321984
20,G,44,I,0,-0.037128,A,A,0.0,,,,0.30030959752321984
40,P,47,V,0,-0.037578,A,A,0.0,9.214513606262674,26.17862780972295,9.214513606262674,0.2993827160493827
37,E,56,N,0,-0.038157,A,A,0.0,28.967409721961683,18.814788040262382,18.814788040262382,0.29846153846153844
31,S,36,V,0,-0.038186000000000005,A,A,0.0,6.7518394530675865,20.491944100060394,6.7518394530675865,0.29754601226993865
32,W,59,K,0,-0.038207,A,A,0.0,34.73449298607942,19.61722837202035,19.61722837202035,0.2966360856269113
29,A,42,D,0,-0.038373,A,A,0.0,,,,0.2966360856269113
28,R,37,E,0,-0.038391,A,A,0.0,,,,0.2966360856269113
20,G,57,S,0,-0.038473,A,A,0.0,,,,0.2966360856269113
33,W,35,H,0,-0.038641,A,A,0.0,2.776821564306933,15.485388790727859,2.776821564306933,0.29878048780487804
57,S,59,K,0,-0.038651,A,A,0.0,3.2056796471263342,42.697145689144136,3.2056796471263342,0.3009118541033435
20,G,49,E,0,-0.039109,A,A,0.0,,,,0.3009118541033435
27,A,45,L,0,-0.039261,A,A,0.0,,,,0.3009118541033435
21,L,28,R,0,-0.03928,A,A,0.0,,,,0.3009118541033435
31,S,35,H,0,-0.039576,A,A,0.0,5.061147201969135,17.928665901287804,5.061147201969135,0.3
14,A,54,D,0,-0.040208,A,A,0.0,,,,0.3
17,F,45,L,0,-0.040442,A,A,0.0,,,,0.3
18,H,51,Y,0,-0.040634,A,A,0.0,,,,0.3
17,F,58,K,0,-0.04079,A,A,0.0,,,,0.3
18,H,44,I,0,-0.040893,A,A,0.0,,,,0.3
17,F,51,Y,0,-0.041760000000000005,A,A,0.0,,,,0.3
15,S,30,S,0,-0.042165,A,A,0.0,,,,0.3
21,L,59,K,0,-0.042249,A,A,0.0,,,,0.3
13,V,22,A,0,-0.042269,A,A,0.0,,,,0.3
14,A,29,A,0,-0.042689,A,A,0.0,,,,0.3
32,W,46,G,0,-0.043044,A,A,0.0,25.39167700251403,27.344753244452583,25.39167700251403,0.2990936555891239
24,A,37,E,0,-0.043072000000000006,A,A,0.0,,,,0.2990936555891239
26,S,33,W,0,-0.043129,A,A,0.0,,,,0.2990936555891239
9,V,54,D,0,-0.043421,A,A,0.0,,,,0.2990936555891239
16,A,38,M,0,-0.043428,A,A,0.0,,,,0.2990936555891239
45,L,56,N,0,-0.04367,A,A,0.0,15.69978044432469,30.174095595394405,15.69978044432469,0.29819277108433734
38,M,59,K,0,-0.044117,A,A,0.0,19.520086090998678,21.797166008451647,19.520086090998678,0.2972972972972973
13,V,40,P,0,-0.04415,A,A,0.0,,,,0.2972972972972973
35,H,38,M,0,-0.044592,A,A,0.0,6.418576945086814,19.400127267623787,6.418576945086814,0.2964071856287425
15,S,36,V,0,-0.045239,A,A,0.0,,,,0.2964071856287425
17,F,50,A,0,-0.045484,A,A,0.0,,,,0.2964071856287425
17,F,42,D,0,-0.045507,A,A,0.0,,,,0.2964071856287425
20,G,55,T,0,-0.045961,A,A,0.0,,,,0.2964071856287425
34,A,57,S,0,-0.046076,A,A,0.0,37.81254687269822,20.33190797736406,20.33190797736406,0.2955223880597015
36,V,53,R,0,-0.046159,A,A,0.0,17.464780158937014,22.551328231392496,17.464780158937014,0.29464285714285715
13,V,24,A,0,-0.046174,A,A,0.0,,,,0.29464285714285715
28,R,48,T,0,-0.046179000000000005,A,A,0.0,,,,0.29464285714285715
13,V,54,D,0,-0.046491000000000005,A,A,0.0,,,,0.29464285714285715
15,S,29,A,0,-0.046531,A,A,0.0,,,,0.29464285714285715
30,S,40,P,0,-0.046935,A,A,0.0,20.975185195845114,18.06407044383962,18.06407044383962,0.29376854599406527
27,A,41,P,0,-0.046969,A,A,0.0,,,,0.29376854599406527
16,A,56,N,0,-0.047060000000000005,A,A,0.0,,,,0.29376854599406527
15,S,47,V,0,-0.047151,A,A,0.0,,,,0.29376854599406527
49,E,58,K,0,-0.047286,A,A,0.0,13.129621091257736,34.391694622393935,13.129621091257736,0.29289940828402367
31,S,38,M,0,-0.047288,A,A,0.0,11.503659374303465,21.789641277451082,11.503659374303465,0.2920353982300885
11,S,50,A,0,-0.047802,A,A,0.0,,,,0.2920353982300885
31,S,58,K,0,-0.048058,A,A,0.0,42.001763058233635,19.727885593747747,19.727885593747747,0.2911764705882353
31,S,48,T,0,-0.04819,A,A,0.0,30.07234615057495,30.393937438245796,30.07234615057495,0.2903225806451613
44,I,54,D,0,-0.048303,A,A,0.0,11.997292111139078,29.398263299045407,11.997292111139078,0.2894736842105263
15,S,26,S,0,-0.04848,A,A,0.0,,,,0.2894736842105263
22,A,51,Y,0,-0.048663,A,A,0.0,,,,0.2894736842105263
17,F,28,R,0,-0.04889,A,A,0.0,,,,0.2894736842105263
39,G,47,V,0,-0.048905,A,A,0.0,11.984596572267252,28.20020597442508,11.984596572267252,0.2886297376093295
18,H,54,D,0,-0.049256,A,A,0.0,,,,0.2886297376093295
14,A,53,R,0,-0.049702,A,A,0.0,,,,0.2886297376093295
14,A,32,W,0,-0.049735,A,A,0.0,,,,0.2886297376093295
17,F,40,P,0,-0.049851,A,A,0.0,,,,0.2886297376093295
17,F,59,K,0,-0.050109,A,A,0.0,,,,0.2886297376093295
30,S,48,T,0,-0.050217000000000005,A,A,0.0,32.62039535321422,32.08490615538715,32.08490615538715,0.2877906976744186
16,A,31,S,0,-0.050413,A,A,0.0,,,,0.2877906976744186
28,R,49,E,0,-0.050525,A,A,0.0,,,,0.2877906976744186
9,V,20,G,0,-0.050841,A,A,0.0,,,,0.2877906976744186
34,A,47,V,0,-0.050865,A,A,0.0,25.136312319033593,28.28496551173432,25.136312319033593,0.28695652173913044
39,G,55,T,0,-0.051026,A,A,0.0,21.626846025252966,23.180564855067708,21.626846025252966,0.2861271676300578
12,G,47,V,0,-0.051079,A,A,0.0,,,,0.2861271676300578
13,V,28,R,0,-0.051311,A,A,0.0,,,,0.2861271676300578
9,V,27,A,0,-0.051758000000000005,A,A,0.0,,,,0.2861271676300578
13,V,58,K,0,-0.051765,A,A,0.0,,,,0.2861271676300578
25,A,55,T,0,-0.052459000000000006,A,A,0.0,,,,0.2861271676300578
10,L,50,A,0,-0.05249,A,A,0.0,,,,0.2861271676300578
42,D,57,S,0,-0.052538,A,A,0.0,21.592141950255886,23.912022499153018,21.592141950255886,0.28530259365994237
9,V,47,V,0,-0.052651,A,A,0.0,,,,0.28530259365994237
29,A,43,P,0,-0.052775,A,A,0.0,,,,0.28530259365994237
9,V,53,R,0,-0.052975,A,A,0.0,,,,0.28530259365994237
37,E,43,P,0,-0.053004,A,A,0.0,13.913427363521903,26.69503109194668,13.913427363521903,0.28448275862068967
27,A,53,R,0,-0.053047,A,A,0.0,,,,0.28448275862068967
12,G,39,G,0,-0.053526,A,A,0.0,,,,0.28448275862068967
23,A,38,M,0,-0.053551,A,A,0.0,,,,0.28448275862068967
15,S,37,E,0,-0.053778999999999993,A,A,0.0,,,,0.28448275862068967
11,S,32,W,0,-0.053863,A,A,0.0,,,,0.28448275862068967
44,I,57,S,0,-0.053879,A,A,0.0,18.247320488225107,26.30896746358549,18.247320488225107,0.2836676217765043
49,E,55,T,0,-0.053971000000000005,A,A,0.0,8.690083774049594,37.24111605470492,8.690083774049594,0.28285714285714286
28,R,52,K,0,-0.053989,A,A,0.0,,,,0.28285714285714286
34,A,49,E,0,-0.054218,A,A,0.0,20.325861679151515,30.0576163559255,20.325861679151515,0.28205128205128205
15,S,24,A,0,-0.054432000000000015,A,A,0.0,,,,0.28205128205128205
21,L,45,L,0,-0.054492999999999986,A,A,0.0,,,,0.28205128205128205
35,H,40,P,0,-0.054676,A,A,0.0,11.520534753213498,18.140236437268396,11.520534753213498,0.28125
25,A,54,D,0,-0.055605,A,A,0.0,,,,0.28125
20,G,48,T,0,-0.056261,A,A,0.0,,,,0.28125
37,E,55,T,0,-0.056291,A,A,0.0,26.670399115873764,17.923538573618774,17.923538573618774,0.2804532577903683
21,L,52,K,0,-0.056294,A,A,0.0,,,,0.2804532577903683
14,A,45,L,0,-0.056486,A,A,0.0,,,,0.2804532577903683
28,R,46,G,0,-0.056616,A,A,0.0,,,,0.2804532577903683
10,L,34,A,0,-0.05671900000000001,A,A,0.0,,,,0.2804532577903683
16,A,54,D,0,-0.056834,A,A,0.0,,,,0.2804532577903683
11,S,30,S,0,-0.057564,A,A,0.0,,,,0.2804532577903683
34,A,52,K,0,-0.05766,A,A,0.0,27.040603839411578,26.257726443848867,26.257726443848867,0.2796610169491525
11,S,38,M,0,-0.057803,A,A,0.0,,,,0.2796610169491525
25,A,39,G,0,-0.057869,A,A,0.0,,,,0.2796610169491525
43,P,57,S,0,-0.05793400000000001,A,A,0.0,19.92445778434133,24.47704953624926,19.92445778434133,0.27887323943661974
31,S,42,D,0,-0.057964,A,A,0.0,22.474342393049014,26.834605679979724,22.474342393049014,0.27808988764044945
19,P,29,A,0,-0.058112,A,A,0.0,,,,0.27808988764044945
24,A,56,N,0,-0.05814800000000001,A,A,0.0,,,,0.27808988764044945
23,A,55,T,0,-0.058174,A,A,0.0,,,,0.27808988764044945
25,A,36,V,0,-0.058666,A,A,0.0,,,,0.27808988764044945
20,G,41,P,0,-0.05888,A,A,0.0,,,,0.27808988764044945
43,P,58,K,0,-0.059087,A,A,0.0,17.601388865654897,26.462354505976975,17.601388865654897,0.2773109243697479
24,A,53,R,0,-0.059237,A,A,0.0,,,,0.2773109243697479
11,S,37,E,0,-0.05925800000000001,A,A,0.0,,,,0.2773109243697479
31,S,41,P,0,-0.059604,A,A,0.0,20.11259510853833,25.18995805871856,20.11259510853833,0.276536312849162
11,S,26,S,0,-0.059916,A,A,0.0,,,,0.276536312849162
14,A,50,A,0,-0.060135,A,A,0.0,,,,0.276536312849162
34,A,42,D,0,-0.060173,A,A,0.0,18.288235289387544,26.13770037704159,18.288235289387544,0.2757660167130919
19,P,39,G,0,-0.060326,A,A,0.0,,,,0.2757660167130919
25,A,34,A,0,-0.060526,A,A,0.0,,,,0.2757660167130919
25,A,57,S,0,-0.060674,A,A,0.0,,,,0.2757660167130919
30,S,51,Y,0,-0.06083,A,A,0.0,33.604377929073465,28.812999392635273,28.812999392635273,0.275
34,A,53,R,0,-0.061511,A,A,0.0,21.08998153152345,23.857995934277472,21.08998153152345,0.2742382271468144
35,H,50,A,0,-0.061816,A,A,0.0,24.057251172983168,22.011964928193027,22.011964928193027,0.27348066298342544
9,V,56,N,0,-0.062002,A,A,0.0,,,,0.27348066298342544
31,S,55,T,0,-0.062093,A,A,0.0,34.53023853088767,18.656963686516615,18.656963686516615,0.2727272727272727
30,S,45,L,0,-0.062735,A,A,0.0,26.57034064516298,29.40247040641313,26.57034064516298,0.27197802197802196
28,R,36,V,0,-0.062827,A,A,0.0,,,,0.27197802197802196
37,E,42,D,0,-0.06299099999999999,A,A,0.0,11.58659859492854,26.55477399640223,11.58659859492854,0.27123287671232876
22,A,50,A,0,-0.063581,A,A,0.0,,,,0.27123287671232876
21,L,32,W,0,-0.06378099999999999,A,A,0.0,,,,0.27123287671232876
26,S,35,H,0,-0.064242,A,A,0.0,,,,0.27123287671232876
23,A,42,D,0,-0.064291,A,A,0.0,,,,0.27123287671232876
16,A,34,A,0,-0.06436,A,A,0.0,,,,0.27123287671232876
36,V,54,D,0,-0.06453300000000001,A,A,0.0,25.86451700689576,21.803175800786452,21.803175800786452,0.27049180327868855
12,G,32,W,0,-0.06454299999999999,A,A,0.0,,,,0.27049180327868855
11,S,54,D,0,-0.064832,A,A,0.0,,,,0.27049180327868855
40,P,54,D,0,-0.06539299999999999,A,A,0.0,17.076665013989118,24.384425049609025,17.076665013989118,0.26975476839237056
28,R,58,K,0,-0.065597,A,A,0.0,,,,0.26975476839237056
9,V,45,L,0,-0.065673,A,A,0.0,,,,0.26975476839237056
35,H,52,K,0,-0.06614500000000001,A,A,0.0,26.897087518911782,20.538319916682564,20.538319916682564,0.26902173913043476
46,G,57,S,0,-0.066147,A,A,0.0,16.052619537010152,29.510702838122985,16.052619537010152,0.2682926829268293
32,W,57,S,0,-0.066254,A,A,0.0,41.060201862630926,17.620974547396635,17.620974547396635,0.26756756756756755
12,G,23,A,0,-0.06639,A,A,0.0,,,,0.26756756756756755
23,A,36,V,0,-0.06661900000000001,A,A,0.0,,,,0.26756756756756755
34,A,43,P,0,-0.066897,A,A,0.0,21.262017166769482,26.52173880046329,21.262017166769482,0.2668463611859838
30,S,56,N,0,-0.067101,A,A,0.0,39.730903563850646,24.850894329983387,24.850894329983387,0.2661290322580645
26,S,42,D,0,-0.067191,A,A,0.0,,,,0.2661290322580645
31,S,51,Y,0,-0.067702,A,A,0.0,31.26929797740909,26.84365317910362,26.84365317910362,0.26541554959785524
24,A,42,D,0,-0.06804299999999999,A,A,0.0,,,,0.26541554959785524
18,H,36,V,0,-0.068093,A,A,0.0,,,,0.26541554959785524
27,A,54,D,0,-0.06831799999999999,A,A,0.0,,,,0.26541554959785524
9,V,58,K,0,-0.068712,A,A,0.0,,,,0.26541554959785524
12,G,58,K,0,-0.069116,A,A,0.0,,,,0.26541554959785524
19,P,49,E,0,-0.069716,A,A,0.0,,,,0.26541554959785524
9,V,43,P,0,-0.070037,A,A,0.0,,,,0.26541554959785524
27,A,42,D,0,-0.07007999999999999,A,A,0.0,,,,0.26541554959785524
39,G,56,N,0,-0.070387,A,A,0.0,23.828125671147536,22.734095297592127,22.734095297592127,0.2647058823529412
31,S,53,R,0,-0.071117,A,A,0.0,24.12349599456928,22.56198672546369,22.56198672546369,0.264
10,L,44,I,0,-0.07134299999999999,A,A,0.0,,,,0.264
34,A,48,T,0,-0.071369,A,A,0.0,26.66226321976437,27.001735759021123,26.66226321976437,0.2632978723404255
37,E,53,R,0,-0.071463,A,A,0.0,15.08198309241858,23.28993185906735,15.08198309241858,0.2625994694960212
16,A,30,S,0,-0.071519,A,A,0.0,,,,0.2625994694960212
15,S,45,L,0,-0.071673,A,A,0.0,,,,0.2625994694960212
14,A,38,M,0,-0.071791,A,A,0.0,,,,0.2625994694960212
16,A,44,I,0,-0.07194099999999999,A,A,0.0,,,,0.2625994694960212
29,A,34,A,0,-0.072127,A,A,0.0,,,,0.2625994694960212
30,S,36,V,0,-0.072166,A,A,0.0,8.998138529718245,18.071447894399608,8.998138529718245,0.2619047619047619
58,K,59,K,0,-0.07266399999999999,A,A,0.0,1.3107974671931586,43.82066778359271,1.3107974671931586,0.2638522427440633
10,L,28,R,0,-0.072668,A,A,0.0,,,,0.2638522427440633
28,R,38,M,0,-0.073121,A,A,0.0,,,,0.2638522427440633
28,R,54,D,0,-0.073176,A,A,0.0,,,,0.2638522427440633
16,A,41,P,0,-0.07317799999999999,A,A,0.0,,,,0.2638522427440633
23,A,35,H,0,-0.073212,A,A,0.0,,,,0.2638522427440633
14,A,58,K,0,-0.073239,A,A,0.0,,,,0.2638522427440633
11,S,28,R,0,-0.073388,A,A,0.0,,,,0.2638522427440633
15,S,42,D,0,-0.073437,A,A,0.0,,,,0.2638522427440633
50,A,56,N,0,-0.0735,A,A,0.0,8.030676559294367,37.69969799613784,8.030676559294367,0.2631578947368421
10,L,25,A,0,-0.07402,A,A,0.0,,,,0.2631578947368421
32,W,42,D,0,-0.074193,A,A,0.0,22.156358500439552,27.191645389714832,22.156358500439552,0.26246719160104987
18,H,48,T,0,-0.07456499999999999,A,A,0.0,,,,0.26246719160104987
30,S,58,K,0,-0.074581,A,A,0.0,44.35101231088193,21.432761208019837,21.432761208019837,0.2617801047120419
33,W,42,D,0,-0.074584,A,A,0.0,18.567993644979527,29.196587882833157,18.567993644979527,0.26109660574412535
18,H,41,P,0,-0.07472999999999999,A,A,0.0,,,,0.26109660574412535
21,L,35,H,0,-0.074834,A,A,0.0,,,,0.26109660574412535
21,L,57,S,0,-0.07507,A,A,0.0,,,,0.26109660574412535
21,L,38,M,0,-0.075075,A,A,0.0,,,,0.26109660574412535
12,G,48,T,0,-0.075268,A,A,0.0,,,,0.26109660574412535
10,L,30,S,0,-0.07546599999999999,A,A,0.0,,,,0.26109660574412535
23,A,31,S,0,-0.07589,A,A,0.0,,,,0.26109660574412535
11,S,27,A,0,-0.07610499999999999,A,A,0.0,,,,0.26109660574412535
26,S,56,N,0,-0.076174,A,A,0.0,,,,0.26109660574412535
47,V,53,R,0,-0.076679,A,A,0.0,5.597747672055253,36.17778086063323,5.597747672055253,0.2604166666666667
12,G,38,M,0,-0.076789,A,A,0.0,,,,0.2604166666666667
21,L,30,S,0,-0.076975,A,A,0.0,,,,0.2604166666666667
11,S,44,I,0,-0.07715,A,A,0.0,,,,0.2604166666666667
26,S,50,A,0,-0.077453,A,A,0.0,,,,0.2604166666666667
15,S,50,A,0,-0.077864,A,A,0.0,,,,0.2604166666666667
30,S,46,G,0,-0.07799,A,A,0.0,29.459737422455074,29.912465712475125,29.459737422455074,0.2597402597402597
20,G,42,D,0,-0.078057,A,A,0.0,,,,0.2597402597402597
27,A,36,V,0,-0.078416,A,A,0.0,,,,0.2597402597402597
14,A,44,I,0,-0.078419,A,A,0.0,,,,0.2597402597402597
20,G,45,L,0,-0.07849199999999999,A,A,0.0,,,,0.2597402597402597
44,I,56,N,0,-0.078624,A,A,0.0,16.399424471608757,28.061012116457952,16.399424471608757,0.25906735751295334
15,S,58,K,0,-0.078919,A,A,0.0,,,,0.25906735751295334
18,H,31,S,0,-0.079343,A,A,0.0,,,,0.25906735751295334
17,F,55,T,0,-0.079592,A,A,0.0,,,,0.25906735751295334
52,K,57,S,0,-0.079724,A,A,0.0,9.168852163711659,34.96957732086563,9.168852163711659,0.25839793281653745
43,P,54,D,0,-0.07989600000000001,A,A,0.0,13.284744069796748,27.898738699088174,13.284744069796748,0.25773195876288657
18,H,27,A,0,-0.080439,A,A,0.0,,,,0.25773195876288657
24,A,51,Y,0,-0.080512,A,A,0.0,,,,0.25773195876288657
9,V,36,V,0,-0.08065800000000001,A,A,0.0,,,,0.25773195876288657
15,S,43,P,0,-0.080685,A,A,0.0,,,,0.25773195876288657
40,P,53,R,0,-0.080794,A,A,0.0,9.442585133320216,25.641924849745582,9.442585133320216,0.2570694087403599
34,A,44,I,0,-0.08099400000000001,A,A,0.0,24.076990800347126,28.93870926630972,24.076990800347126,0.2564102564102564
22,A,34,A,0,-0.081228,A,A,0.0,,,,0.2564102564102564
25,A,46,G,0,-0.081381,A,A,0.0,,,,0.2564102564102564
10,L,36,V,0,-0.081387,A,A,0.0,,,,0.2564102564102564
42,D,55,T,0,-0.08154600000000001,A,A,0.0,17.95654769158037,26.93552193665458,17.95654769158037,0.2557544757033248
30,S,52,K,0,-0.081596,A,A,0.0,31.7508483823661,26.401995757896792,26.401995757896792,0.25510204081632654
22,A,52,K,0,-0.081703,A,A,0.0,,,,0.25510204081632654
13,V,53,R,0,-0.081764,A,A,0.0,,,,0.25510204081632654
13,V,29,A,0,-0.08190700000000001,A,A,0.0,,,,0.25510204081632654
15,S,33,W,0,-0.08269299999999999,A,A,0.0,,,,0.25510204081632654
24,A,55,T,0,-0.083352,A,A,0.0,,,,0.25510204081632654
35,H,57,S,0,-0.083757,A,A,0.0,37.76092081769193,14.191059861758037,14.191059861758037,0.2544529262086514
24,A,40,P,0,-0.083874,A,A,0.0,,,,0.2544529262086514
53,R,58,K,0,-0.083952,A,A,0.0,10.658547462013766,38.54644301359076,10.658547462013766,0.25380710659898476
9,V,44,I,0,-0.083962,A,A,0.0,,,,0.25380710659898476
31,S,47,V,0,-0.083976,A,A,0.0,29.109333795193592,31.213175967850496,29.109333795193592,0.25316455696202533
10,L,37,E,0,-0.083998,A,A,0.0,,,,0.25316455696202533
17,F,44,I,0,-0.084343,A,A,0.0,,,,0.25316455696202533
16,A,36,V,0,-0.084346,A,A,0.0,,,,0.25316455696202533
18,H,40,P,0,-0.084426,A,A,0.0,,,,0.25316455696202533
25,A,51,Y,0,-0.085113,A,A,0.0,,,,0.25316455696202533
10,L,58,K,0,-0.085251,A,A,0.0,,,,0.25316455696202533
25,A,52,K,0,-0.085462,A,A,0.0,,,,0.25316455696202533
14,A,28,R,0,-0.085648,A,A,0.0,,,,0.25316455696202533
12,G,40,P,0,-0.085746,A,A,0.0,,,,0.25316455696202533
25,A,56,N,0,-0.085997,A,A,0.0,,,,0.25316455696202533
14,A,39,G,0,-0.08637,A,A,0.0,,,,0.25316455696202533
28,R,50,A,0,-0.086563,A,A,0.0,,,,0.25316455696202533
22,A,43,P,0,-0.08659,A,A,0.0,,,,0.25316455696202533
9,V,32,W,0,-0.086711,A,A,0.0,,,,0.25316455696202533
25,A,43,P,0,-0.086789,A,A,0.0,,,,0.25316455696202533
18,H,39,G,0,-0.086802,A,A,0.0,,,,0.25316455696202533
10,L,32,W,0,-0.086979,A,A,0.0,,,,0.25316455696202533
9,V,51,Y,0,-0.087007,A,A,0.0,,,,0.25316455696202533
27,A,50,A,0,-0.087623,A,A,0.0,,,,0.25316455696202533
39,G,54,D,0,-0.087796,A,A,0.0,18.38681848499082,26.286778806084254,18.38681848499082,0.25252525252525254
21,L,37,E,0,-0.088054,A,A,0.0,,,,0.25252525252525254
11,S,45,L,0,-0.088421,A,A,0.0,,,,0.25252525252525254
27,A,47,V,0,-0.08912,A,A,0.0,,,,0.25252525252525254
46,G,54,D,0,-0.089492,A,A,0.0,8.515305161883512,33.62530964913185,8.515305161883512,0.2518891687657431
25,A,50,A,0,-0.08983,A,A,0.0,,,,0.2518891687657431
35,H,41,P,0,-0.089972,A,A,0.0,14.768274983897067,22.760806949666787,14.768274983897067,0.25125628140703515
28,R,45,L,0,-0.090249,A,A,0.0,,,,0.25125628140703515
16,A,46,G,0,-0.090545,A,A,0.0,,,,0.25125628140703515
39,G,51,Y,0,-0.090816,A,A,0.0,15.27169240785055,21.76627274018223,15.27169240785055,0.2506265664160401
19,P,37,E,0,-0.090844,A,A,0.0,,,,0.2506265664160401
36,V,56,N,0,-0.090987,A,A,0.0,31.296220937998253,19.702600589769872,19.702600589769872,0.25
21,L,48,T,0,-0.091592,A,A,0.0,,,,0.25
12,G,51,Y,0,-0.091657,A,A,0.0,,,,0.25
12,G,45,L,0,-0.091733,A,A,0.0,,,,0.25
25,A,42,D,0,-0.091941,A,A,0.0,,,,0.25
13,V,44,I,0,-0.092021,A,A,0.0,,,,0.25
9,V,39,G,0,-0.092197,A,A,0.0,,,,0.25
35,H,42,D,0,-0.092304,A,A,0.0,17.456501711396818,23.57331809482916,17.456501711396818,0.24937655860349128
12,G,44,I,0,-0.092672,A,A,0.0,,,,0.24937655860349128
27,A,49,E,0,-0.092832,A,A,0.0,,,,0.24937655860349128
24,A,43,P,0,-0.093027,A,A,0.0,,,,0.24937655860349128
27,A,51,Y,0,-0.093463,A,A,0.0,,,,0.24937655860349128
11,S,36,V,0,-0.093641,A,A,0.0,,,,0.24937655860349128
9,V,41,P,0,-0.094242,A,A,0.0,,,,0.24937655860349128
16,A,47,V,0,-0.094929,A,A,0.0,,,,0.24937655860349128
28,R,35,H,0,-0.095457,A,A,0.0,,,,0.24937655860349128
19,P,56,N,0,-0.095674,A,A,0.0,,,,0.24937655860349128
29,A,48,T,0,-0.095684,A,A,0.0,,,,0.24937655860349128
17,F,47,V,0,-0.095999,A,A,0.0,,,,0.24937655860349128
17,F,52,K,0,-0.096167,A,A,0.0,,,,0.24937655860349128
20,G,56,N,0,-0.096264,A,A,0.0,,,,0.24937655860349128
14,A,36,V,0,-0.09637,A,A,0.0,,,,0.24937655860349128
21,L,58,K,0,-0.096531,A,A,0.0,,,,0.24937655860349128
53,R,56,N,0,-0.096834,A,A,0.0,5.8727597430850285,38.27659005188419,5.8727597430850285,0.24875621890547264
25,A,53,R,0,-0.096893,A,A,0.0,,,,0.24875621890547264
11,S,47,V,0,-0.096909,A,A,0.0,,,,0.24875621890547264
27,A,57,S,0,-0.096994,A,A,0.0,,,,0.24875621890547264
23,A,44,I,0,-0.097158,A,A,0.0,,,,0.24875621890547264
15,S,52,K,0,-0.097335,A,A,0.0,,,,0.24875621890547264
32,W,44,I,0,-0.097482,A,A,0.0,27.265848180461948,30.39755169417432,27.265848180461948,0.24813895781637718
21,L,44,I,0,-0.097486,A,A,0.0,,,,0.24813895781637718
24,A,45,L,0,-0.097824,A,A,0.0,,,,0.24813895781637718
12,G,36,V,0,-0.097976,A,A,0.0,,,,0.24813895781637718
12,G,34,A,0,-0.09814,A,A,0.0,,,,0.24813895781637718
16,A,50,A,0,-0.098525,A,A,0.0,,,,0.24813895781637718
22,A,48,T,0,-0.098559,A,A,0.0,,,,0.24813895781637718
23,A,45,L,0,-0.098613,A,A,0.0,,,,0.24813895781637718
24,A,33,W,0,-0.098873,A,A,0.0,,,,0.24813895781637718
18,H,56,N,0,-0.09916,A,A,0.0,,,,0.24813895781637718
26,S,31,S,0,-0.100579,A,A,0.0,,,,0.24813895781637718
14,A,51,Y,0,-0.100595,A,A,0.0,,,,0.24813895781637718
10,L,49,E,0,-0.100793,A,A,0.0,,,,0.24813895781637718
17,F,29,A,0,-0.102005,A,A,0.0,,,,0.24813895781637718
20,G,50,A,0,-0.102948,A,A,0.0,,,,0.24813895781637718
17,F,37,E,0,-0.103237,A,A,0.0,,,,0.24813895781637718
22,A,33,W,0,-0.103532,A,A,0.0,,,,0.24813895781637718
20,G,47,V,0,-0.105856,A,A,0.0,,,,0.24813895781637718
21,L,47,V,0,-0.106026,A,A,0.0,,,,0.24813895781637718
22,A,41,P,0,-0.106655,A,A,0.0,,,,0.24813895781637718
34,A,51,Y,0,-0.106755,A,A,0.0,27.53683493068875,24.3215761208027,24.3215761208027,0.24752475247524752
14,A,41,P,0,-0.106918,A,A,0.0,,,,0.24752475247524752
13,V,33,W,0,-0.107189,A,A,0.0,,,,0.24752475247524752
13,V,49,E,0,-0.10795,A,A,0.0,,,,0.24752475247524752
30,S,42,D,0,-0.108264,A,A,0.0,26.50407783719328,24.310275214402655,24.310275214402655,0.24691358024691357
26,S,38,M,0,-0.108845,A,A,0.0,,,,0.24691358024691357
14,A,52,K,0,-0.109224,A,A,0.0,,,,0.24691358024691357
10,L,45,L,0,-0.109484,A,A,0.0,,,,0.24691358024691357
35,H,45,L,0,-0.109671,A,A,0.0,20.04608086384967,27.795410232626537,20.04608086384967,0.24630541871921183
22,A,55,T,0,-0.109932,A,A,0.0,,,,0.24630541871921183
10,L,38,M,0,-0.110473,A,A,0.0,,,,0.24630541871921183
29,A,47,V,0,-0.111132,A,A,0.0,,,,0.24630541871921183
23,A,39,G,0,-0.111258,A,A,0.0,,,,0.24630541871921183
15,S,44,I,0,-0.111275,A,A,0.0,,,,0.24630541871921183
13,V,55,T,0,-0.111711,A,A,0.0,,,,0.24630541871921183
44,I,58,K,0,-0.111922,A,A,0.0,16.39012830944285,28.18106334047742,16.39012830944285,0.2457002457002457
32,W,45,L,0,-0.111975,A,A,0.0,23.42224946498521,28.739040798189492,23.42224946498521,0.24509803921568626
12,G,37,E,0,-0.112941,A,A,0.0,,,,0.24509803921568626
9,V,50,A,0,-0.113167,A,A,0.0,,,,0.24509803921568626
30,S,41,P,0,-0.114559,A,A,0.0,24.06452501089519,22.65834137795615,22.65834137795615,0.24449877750611246
18,H,50,A,0,-0.115191,A,A,0.0,,,,0.24449877750611246
25,A,48,T,0,-0.115248,A,A,0.0,,,,0.24449877750611246
12,G,50,A,0,-0.115425,A,A,0.0,,,,0.24449877750611246
18,H,33,W,0,-0.116064,A,A,0.0,,,,0.24449877750611246
24,A,44,I,0,-0.116192,A,A,0.0,,,,0.24449877750611246
28,R,42,D,0,-0.116292,A,A,0.0,,,,0.24449877750611246
9,V,40,P,0,-0.116596,A,A,0.0,,,,0.24449877750611246
12,G,28,R,0,-0.117677,A,A,0.0,,,,0.24449877750611246
10,L,40,P,0,-0.118008,A,A,0.0,,,,0.24449877750611246
24,A,58,K,0,-0.118065,A,A,0.0,,,,0.24449877750611246
19,P,43,P,0,-0.11845,A,A,0.0,,,,0.24449877750611246
13,V,45,L,0,-0.118491,A,A,0.0,,,,0.24449877750611246
18,H,52,K,0,-0.118506,A,A,0.0,,,,0.24449877750611246
21,L,41,P,0,-0.118936,A,A,0.0,,,,0.24449877750611246
14,A,46,G,0,-0.118985,A,A,0.0,,,,0.24449877750611246
13,V,52,K,0,-0.119284,A,A,0.0,,,,0.24449877750611246
16,A,39,G,0,-0.119391,A,A,0.0,,,,0.24449877750611246
29,A,46,G,0,-0.119577,A,A,0.0,,,,0.24449877750611246
20,G,51,Y,0,-0.119675,A,A,0.0,,,,0.24449877750611246
17,F,57,S,0,-0.119967,A,A,0.0,,,,0.24449877750611246
14,A,30,S,0,-0.120002,A,A,0.0,,,,0.24449877750611246
13,V,50,A,0,-0.120093,A,A,0.0,,,,0.24449877750611246
42,D,56,N,0,-0.120097,A,A,0.0,19.33399712940911,26.06557695505703,19.33399712940911,0.24390243902439024
19,P,46,G,0,-0.121263,A,A,0.0,,,,0.24390243902439024
11,S,52,K,0,-0.122339,A,A,0.0,,,,0.24390243902439024
10,L,35,H,0,-0.122638,A,A,0.0,,,,0.24390243902439024
18,H,45,L,0,-0.122742,A,A,0.0,,,,0.24390243902439024
25,A,41,P,0,-0.122966,A,A,0.0,,,,0.24390243902439024
23,A,43,P,0,-0.123825,A,A,0.0,,,,0.24390243902439024
31,S,56,N,0,-0.124149,A,A,0.0,38.03769546121322,22.269675278279202,22.269675278279202,0.24330900243309003
10,L,48,T,0,-0.124256,A,A,0.0,,,,0.24330900243309003
10,L,53,R,0,-0.124329,A,A,0.0,,,,0.24330900243309003
33,W,37,E,0,-0.124463,A,A,0.0,5.213756035719356,16.43482382016917,5.213756035719356,0.24271844660194175
26,S,48,T,0,-0.124476,A,A,0.0,,,,0.24271844660194175
26,S,47,V,0,-0.124678,A,A,0.0,,,,0.24271844660194175
27,A,56,N,0,-0.125147,A,A,0.0,,,,0.24271844660194175
22,A,44,I,0,-0.125364,A,A,0.0,,,,0.24271844660194175
26,S,44,I,0,-0.126217,A,A,0.0,,,,0.24271844660194175
48,T,53,R,0,-0.126763,A,A,0.0,4.747745254328627,38.186905242504274,4.747745254328627,0.24455205811138014
22,A,49,E,0,-0.127075,A,A,0.0,,,,0.24455205811138014
19,P,36,V,0,-0.127143,A,A,0.0,,,,0.24455205811138014
42,D,58,K,0,-0.127709,A,A,0.0,19.40763731112059,25.845796447391592,19.40763731112059,0.24396135265700483
12,G,46,G,0,-0.12779300000000002,A,A,0.0,,,,0.24396135265700483
30,S,39,G,0,-0.12797,A,A,0.0,17.540728177587155,19.317643153345596,17.540728177587155,0.2433734939759036
27,A,48,T,0,-0.128734,A,A,0.0,,,,0.2433734939759036
17,F,48,T,0,-0.128748,A,A,0.0,,,,0.2433734939759036
13,V,38,M,0,-0.12875799999999998,A,A,0.0,,,,0.2433734939759036
46,G,55,T,0,-0.129023,A,A,0.0,11.945331556721225,32.836639809822195,11.945331556721225,0.24278846153846154
19,P,45,L,0,-0.12945299999999998,A,A,0.0,,,,0.24278846153846154
24,A,46,G,0,-0.12982,A,A,0.0,,,,0.24278846153846154
19,P,50,A,0,-0.13028399999999998,A,A,0.0,,,,0.24278846153846154
9,V,31,S,0,-0.130714,A,A,0.0,,,,0.24278846153846154
29,A,49,E,0,-0.13104100000000002,A,A,0.0,,,,0.24278846153846154
15,S,46,G,0,-0.131325,A,A,0.0,,,,0.24278846153846154
14,A,33,W,0,-0.131374,A,A,0.0,,,,0.24278846153846154
17,F,49,E,0,-0.1325,A,A,0.0,,,,0.24278846153846154
18,H,49,E,0,-0.132706,A,A,0.0,,,,0.24278846153846154
21,L,50,A,0,-0.132832,A,A,0.0,,,,0.24278846153846154
25,A,33,W,0,-0.133474,A,A,0.0,,,,0.24278846153846154
27,A,38,M,0,-0.13359200000000002,A,A,0.0,,,,0.24278846153846154
33,W,46,G,0,-0.134891,A,A,0.0,21.80197525454976,28.666571437826327,21.80197525454976,0.2422062350119904
14,A,37,E,0,-0.135442,A,A,0.0,,,,0.2422062350119904
11,S,49,E,0,-0.135552,A,A,0.0,,,,0.2422062350119904
27,A,43,P,0,-0.135679,A,A,0.0,,,,0.2422062350119904
19,P,48,T,0,-0.135785,A,A,0.0,,,,0.2422062350119904
36,V,57,S,0,-0.135804,A,A,0.0,34.408784416192326,17.241213327373462,17.241213327373462,0.24162679425837322
17,F,43,P,0,-0.135907,A,A,0.0,,,,0.24162679425837322
33,W,55,T,0,-0.13616099999999998,A,A,0.0,31.050352832133804,13.835838789173568,13.835838789173568,0.24105011933174225
13,V,39,G,0,-0.136907,A,A,0.0,,,,0.24105011933174225
18,H,43,P,0,-0.137173,A,A,0.0,,,,0.24105011933174225
21,L,36,V,0,-0.137175,A,A,0.0,,,,0.24105011933174225
11,S,31,S,0,-0.13727,A,A,0.0,,,,0.24105011933174225
35,H,58,K,0,-0.137489,A,A,0.0,37.83337227898142,13.091000954854442,13.091000954854442,0.24047619047619048
17,F,53,R,0,-0.138259,A,A,0.0,,,,0.24047619047619048
29,A,44,I,0,-0.138431,A,A,0.0,,,,0.24047619047619048
20,G,46,G,0,-0.138433,A,A,0.0,,,,0.24047619047619048
51,Y,56,N,0,-0.139654,A,A,0.0,6.396651076930798,39.46793965993158,6.396651076930798,0.23990498812351543
10,L,39,G,0,-0.13988,A,A,0.0,,,,0.23990498812351543
29,A,56,N,0,-0.14092000000000002,A,A,0.0,,,,0.23990498812351543
13,V,56,N,0,-0.141297,A,A,0.0,,,,0.23990498812351543
37,E,44,I,0,-0.14161300000000002,A,A,0.0,17.06314522589549,23.204002025512754,17.06314522589549,0.23933649289099526
35,H,39,G,0,-0.142967,A,A,0.0,8.831140356714977,18.537622555225358,8.831140356714977,0.23877068557919623
51,Y,57,S,0,-0.144124,A,A,0.0,7.52325208935604,37.26396238995526,7.52325208935604,0.23820754716981132
13,V,48,T,0,-0.14418,A,A,0.0,,,,0.23820754716981132
11,S,48,T,0,-0.144596,A,A,0.0,,,,0.23820754716981132
11,S,43,P,0,-0.145226,A,A,0.0,,,,0.23820754716981132
21,L,46,G,0,-0.145546,A,A,0.0,,,,0.23820754716981132
19,P,52,K,0,-0.145701,A,A,0.0,,,,0.23820754716981132
9,V,49,E,0,-0.146774,A,A,0.0,,,,0.23820754716981132
12,G,43,P,0,-0.147162,A,A,0.0,,,,0.23820754716981132
17,F,32,W,0,-0.147279,A,A,0.0,,,,0.23820754716981132
49,E,57,S,0,-0.147377,A,A,0.0,13.276564050988492,33.67694745668022,13.276564050988492,0.2376470588235294
19,P,34,A,0,-0.147402,A,A,0.0,,,,0.2376470588235294
23,A,46,G,0,-0.147905,A,A,0.0,,,,0.2376470588235294
14,A,49,E,0,-0.148953,A,A,0.0,,,,0.2376470588235294
20,G,43,P,0,-0.149195,A,A,0.0,,,,0.2376470588235294
23,A,50,A,0,-0.14935,A,A,0.0,,,,0.2376470588235294
28,R,44,I,0,-0.149937,A,A,0.0,,,,0.2376470588235294
27,A,39,G,0,-0.14994200000000002,A,A,0.0,,,,0.2376470588235294
28,R,53,R,0,-0.15016,A,A,0.0,,,,0.2376470588235294
14,A,43,P,0,-0.150323,A,A,0.0,,,,0.2376470588235294
12,G,56,N,0,-0.150506,A,A,0.0,,,,0.2376470588235294
16,A,33,W,0,-0.150578,A,A,0.0,,,,0.2376470588235294
27,A,44,I,0,-0.151123,A,A,0.0,,,,0.2376470588235294
17,F,41,P,0,-0.151866,A,A,0.0,,,,0.2376470588235294
9,V,52,K,0,-0.151916,A,A,0.0,,,,0.2376470588235294
17,F,46,G,0,-0.152768,A,A,0.0,,,,0.2376470588235294
22,A,46,G,0,-0.153107,A,A,0.0,,,,0.2376470588235294
10,L,41,P,0,-0.153333,A,A,0.0,,,,0.2376470588235294
50,A,58,K,0,-0.153731,A,A,0.0,10.744663884924467,36.474848347868424,10.744663884924467,0.23708920187793428
17,F,39,G,0,-0.153835,A,A,0.0,,,,0.23708920187793428
43,P,55,T,0,-0.15384,A,A,0.0,16.51579916322551,27.406306208608267,16.51579916322551,0.23653395784543327
22,A,45,L,0,-0.15409,A,A,0.0,,,,0.23653395784543327
30,S,44,I,0,-0.154354,A,A,0.0,31.77616284260892,27.695093879602574,27.695093879602574,0.23598130841121495
18,H,46,G,0,-0.155302,A,A,0.0,,,,0.23598130841121495
26,S,45,L,0,-0.155604,A,A,0.0,,,,0.23598130841121495
18,H,37,E,0,-0.156098,A,A,0.0,,,,0.23598130841121495
11,S,39,G,0,-0.156166,A,A,0.0,,,,0.23598130841121495
26,S,46,G,0,-0.156502,A,A,0.0,,,,0.23598130841121495
19,P,32,W,0,-0.156527,A,A,0.0,,,,0.23598130841121495
16,A,32,W,0,-0.157103,A,A,0.0,,,,0.23598130841121495
12,G,49,E,0,-0.157177,A,A,0.0,,,,0.23598130841121495
12,G,41,P,0,-0.157279,A,A,0.0,,,,0.23598130841121495
10,L,46,G,0,-0.157627,A,A,0.0,,,,0.23598130841121495
29,A,41,P,0,-0.157948,A,A,0.0,,,,0.23598130841121495
13,V,36,V,0,-0.158272,A,A,0.0,,,,0.23598130841121495
20,G,33,W,0,-0.15841,A,A,0.0,,,,0.23598130841121495
35,H,43,P,0,-0.158702,A,A,0.0,19.229705379958375,24.24019723517117,19.229705379958375,0.23543123543123542
13,V,46,G,0,-0.16004100000000002,A,A,0.0,,,,0.23543123543123542
22,A,39,G,0,-0.160443,A,A,0.0,,,,0.23543123543123542
26,S,52,K,0,-0.160582,A,A,0.0,,,,0.23543123543123542
21,L,56,N,0,-0.161422,A,A,0.0,,,,0.23543123543123542
11,S,40,P,0,-0.161985,A,A,0.0,,,,0.23543123543123542
35,H,49,E,0,-0.163507,A,A,0.0,19.44474970268324,23.95393230766088,19.44474970268324,0.23488372093023255
25,A,47,V,0,-0.165768,A,A,0.0,,,,0.23488372093023255
22,A,32,W,0,-0.165984,A,A,0.0,,,,0.23488372093023255
19,P,44,I,0,-0.16656400000000002,A,A,0.0,,,,0.23488372093023255
24,A,41,P,0,-0.167126,A,A,0.0,,,,0.23488372093023255
23,A,49,E,0,-0.167541,A,A,0.0,,,,0.23488372093023255
27,A,52,K,0,-0.168121,A,A,0.0,,,,0.23488372093023255
39,G,57,S,0,-0.168277,A,A,0.0,26.75681823386331,20.57972111084113,20.57972111084113,0.23433874709976799
28,R,57,S,0,-0.168302,A,A,0.0,,,,0.23433874709976799
19,P,33,W,0,-0.170212,A,A,0.0,,,,0.23433874709976799
41,P,57,S,0,-0.17041199999999998,A,A,0.0,21.54729702306069,23.94925842275706,21.54729702306069,0.2337962962962963
25,A,44,I,0,-0.171711,A,A,0.0,,,,0.2337962962962963
24,A,52,K,0,-0.171931,A,A,0.0,,,,0.2337962962962963
15,S,56,N,0,-0.17206300000000002,A,A,0.0,,,,0.2337962962962963
26,S,39,G,0,-0.172862,A,A,0.0,,,,0.2337962962962963
23,A,48,T,0,-0.172878,A,A,0.0,,,,0.2337962962962963
20,G,52,K,0,-0.17418499999999998,A,A,0.0,,,,0.2337962962962963
21,L,43,P,0,-0.17486,A,A,0.0,,,,0.2337962962962963
16,A,52,K,0,-0.175968,A,A,0.0,,,,0.2337962962962963
24,A,47,V,0,-0.178345,A,A,0.0,,,,0.2337962962962963
24,A,49,E,0,-0.17873599999999998,A,A,0.0,,,,0.2337962962962963
20,G,32,W,0,-0.180909,A,A,0.0,,,,0.2337962962962963
10,L,52,K,0,-0.181253,A,A,0.0,,,,0.2337962962962963
26,S,43,P,0,-0.181417,A,A,0.0,,,,0.2337962962962963
15,S,41,P,0,-0.183117,A,A,0.0,,,,0.2337962962962963
14,A,47,V,0,-0.183197,A,A,0.0,,,,0.2337962962962963
29,A,38,M,0,-0.183454,A,A,0.0,,,,0.2337962962962963
51,Y,58,K,0,-0.184884,A,A,0.0,6.508740200684005,38.63174660819778,6.508740200684005,0.23325635103926096
45,L,57,S,0,-0.185706,A,A,0.0,17.94558895662107,27.3578592181479,17.94558895662107,0.23271889400921658
21,L,49,E,0,-0.186258,A,A,0.0,,,,0.23271889400921658
18,H,47,V,0,-0.188149,A,A,0.0,,,,0.23271889400921658
18,H,32,W,0,-0.190223,A,A,0.0,,,,0.23271889400921658
22,A,47,V,0,-0.191406,A,A,0.0,,,,0.23271889400921658
12,G,52,K,0,-0.191668,A,A,0.0,,,,0.23271889400921658
16,A,53,R,0,-0.192389,A,A,0.0,,,,0.23271889400921658
11,S,33,W,0,-0.192576,A,A,0.0,,,,0.23271889400921658
20,G,34,A,0,-0.192766,A,A,0.0,,,,0.23271889400921658
17,F,33,W,0,-0.19411,A,A,0.0,,,,0.23271889400921658
21,L,39,G,0,-0.196791,A,A,0.0,,,,0.23271889400921658
25,A,49,E,0,-0.197486,A,A,0.0,,,,0.23271889400921658
11,S,46,G,0,-0.197678,A,A,0.0,,,,0.23271889400921658
19,P,47,V,0,-0.201716,A,A,0.0,,,,0.23271889400921658
18,H,38,M,0,-0.204227,A,A,0.0,,,,0.23271889400921658
28,R,47,V,0,-0.20445,A,A,0.0,,,,0.23271889400921658
14,A,48,T,0,-0.205535,A,A,0.0,,,,0.23271889400921658
22,A,38,M,0,-0.206753,A,A,0.0,,,,0.23271889400921658
9,V,46,G,0,-0.206765,A,A,0.0,,,,0.23271889400921658
16,A,45,L,0,-0.206823,A,A,0.0,,,,0.23271889400921658
23,A,41,P,0,-0.207637,A,A,0.0,,,,0.23271889400921658
19,P,53,R,0,-0.208448,A,A,0.0,,,,0.23271889400921658
16,A,49,E,0,-0.212722,A,A,0.0,,,,0.23271889400921658
29,A,45,L,0,-0.21687,A,A,0.0,,,,0.23271889400921658
25,A,45,L,0,-0.21858,A,A,0.0,,,,0.23271889400921658
26,S,41,P,0,-0.219679,A,A,0.0,,,,0.23271889400921658
20,G,39,G,0,-0.222594,A,A,0.0,,,,0.23271889400921658
9,V,48,T,0,-0.230457,A,A,0.0,,,,0.23271889400921658
28,R,43,P,0,-0.23129,A,A,0.0,,,,0.23271889400921658
29,A,52,K,0,-0.234364,A,A,0.0,,,,0.23271889400921658
34,A,58,K,0,-0.23440500000000006,A,A,0.0,38.44880396059154,19.03149697212492,19.03149697212492,0.23218390804597702
13,V,41,P,0,-0.236979,A,A,0.0,,,,0.23218390804597702
23,A,52,K,0,-0.238828,A,A,0.0,,,,0.23218390804597702
11,S,41,P,0,-0.247377,A,A,0.0,,,,0.23218390804597702
24,A,48,T,0,-0.259384,A,A,0.0,,,,0.23218390804597702
19,P,38,M,0,-0.271109,A,A,0.0,,,,0.23218390804597702
20,G,38,M,0,-0.276741,A,A,0.0,,,,0.23218390804597702
