i,j,dist
30,31,2.3104628953160025
31,30,2.3104628953160025
32,30,4.117669963289891
33,31,4.7684165149052267
34,30,4.0568030685668965
35,32,3.775088647232735
36,38,4.7339880824662566
37,34,5.288249293126505
38,36,4.7339880824662566
39,37,4.0523717008254425
40,38,4.862707470156134
41,39,4.443890532522773
42,40,4.3720028173179224
43,41,4.0618440522012227
44,42,3.850932479032079
45,41,5.910847890130583
46,41,5.12500715150895
47,42,4.7507104660317356
48,43,5.666258244032363
49,41,4.89326765070166
50,45,5.506855777590403
51,46,5.1629135230028504
52,47,5.705008076507417
53,46,4.3688861660792266
54,50,3.8613951142755494
55,52,5.602960243147882
56,54,3.428886782046457
57,54,5.915088910691242
58,56,3.439798557258364
59,51,3.615441454133508
60,51,4.2359334047535633